geohash,latitude,longitude,latitude_err,longitude_err
qp02z1,-5.48492431640625,90.6646728515625,0.00274658203125,0.0054931640625
qp02zt,-5.46295166015625,90.6866455078125,0.00274658203125,0.0054931640625
qp08bj,-5.46295166015625,90.7086181640625,0.00274658203125,0.0054931640625
qp08gt,-5.46295166015625,90.8624267578125,0.00274658203125,0.0054931640625
qp02zq,-5.45745849609375,90.6756591796875,0.00274658203125,0.0054931640625
qp02zw,-5.45745849609375,90.6866455078125,0.00274658203125,0.0054931640625
qp02zy,-5.45745849609375,90.6976318359375,0.00274658203125,0.0054931640625
qp08by,-5.45745849609375,90.7415771484375,0.00274658203125,0.0054931640625
qp08gq,-5.45745849609375,90.8514404296875,0.00274658203125,0.0054931640625
qp08gy,-5.45745849609375,90.8734130859375,0.00274658203125,0.0054931640625
qp02zp,-5.45196533203125,90.6646728515625,0.00274658203125,0.0054931640625
qp02zr,-5.45196533203125,90.6756591796875,0.00274658203125,0.0054931640625
qp02zx,-5.45196533203125,90.6866455078125,0.00274658203125,0.0054931640625
qp02zz,-5.45196533203125,90.6976318359375,0.00274658203125,0.0054931640625
qp08br,-5.45196533203125,90.7196044921875,0.00274658203125,0.0054931640625
qp08bx,-5.45196533203125,90.7305908203125,0.00274658203125,0.0054931640625
qp08bz,-5.45196533203125,90.7415771484375,0.00274658203125,0.0054931640625
qp08cp,-5.45196533203125,90.7525634765625,0.00274658203125,0.0054931640625
qp08fz,-5.45196533203125,90.8294677734375,0.00274658203125,0.0054931640625
qp08gp,-5.45196533203125,90.8404541015625,0.00274658203125,0.0054931640625
qp08gr,-5.45196533203125,90.8514404296875,0.00274658203125,0.0054931640625
qp08gz,-5.45196533203125,90.8734130859375,0.00274658203125,0.0054931640625
qp03p0,-5.44647216796875,90.6646728515625,0.00274658203125,0.0054931640625
qp03p2,-5.44647216796875,90.6756591796875,0.00274658203125,0.0054931640625
qp0900,-5.44647216796875,90.7086181640625,0.00274658203125,0.0054931640625
qp090b,-5.44647216796875,90.7415771484375,0.00274658203125,0.0054931640625
qp094b,-5.44647216796875,90.8294677734375,0.00274658203125,0.0054931640625
qp0950,-5.44647216796875,90.8404541015625,0.00274658203125,0.0054931640625
qp0952,-5.44647216796875,90.8514404296875,0.00274658203125,0.0054931640625
qp0958,-5.44647216796875,90.8624267578125,0.00274658203125,0.0054931640625
qp095b,-5.44647216796875,90.8734130859375,0.00274658203125,0.0054931640625
qp090c,-5.44097900390625,90.7415771484375,0.00274658203125,0.0054931640625
qp0949,-5.44097900390625,90.8184814453125,0.00274658203125,0.0054931640625
qp094c,-5.44097900390625,90.8294677734375,0.00274658203125,0.0054931640625
qp0951,-5.44097900390625,90.8404541015625,0.00274658203125,0.0054931640625
qp0959,-5.44097900390625,90.8624267578125,0.00274658203125,0.0054931640625
qp095c,-5.44097900390625,90.8734130859375,0.00274658203125,0.0054931640625
qp03p6,-5.43548583984375,90.6756591796875,0.00274658203125,0.0054931640625
qp03pf,-5.43548583984375,90.6976318359375,0.00274658203125,0.0054931640625
qp0944,-5.43548583984375,90.7965087890625,0.00274658203125,0.0054931640625
qp03p7,-5.42999267578125,90.6756591796875,0.00274658203125,0.0054931640625
qp03pe,-5.42999267578125,90.6866455078125,0.00274658203125,0.0054931640625
qp0907,-5.42999267578125,90.7196044921875,0.00274658203125,0.0054931640625
qp090e,-5.42999267578125,90.7305908203125,0.00274658203125,0.0054931640625
qp0945,-5.42999267578125,90.7965087890625,0.00274658203125,0.0054931640625
qp0957,-5.42999267578125,90.8514404296875,0.00274658203125,0.0054931640625
qp09h5,-5.42999267578125,90.8843994140625,0.00274658203125,0.0054931640625
qp03ps,-5.42449951171875,90.6866455078125,0.00274658203125,0.0054931640625
qp094k,-5.42449951171875,90.8074951171875,0.00274658203125,0.0054931640625
qp094u,-5.42449951171875,90.8294677734375,0.00274658203125,0.0054931640625
qp095k,-5.42449951171875,90.8514404296875,0.00274658203125,0.0054931640625
qp095s,-5.42449951171875,90.8624267578125,0.00274658203125,0.0054931640625
qp09hh,-5.42449951171875,90.8843994140625,0.00274658203125,0.0054931640625
qp09hs,-5.42449951171875,90.9063720703125,0.00274658203125,0.0054931640625
qp09jk,-5.42449951171875,90.9393310546875,0.00274658203125,0.0054931640625
qp090m,-5.41900634765625,90.7196044921875,0.00274658203125,0.0054931640625
qp090t,-5.41900634765625,90.7305908203125,0.00274658203125,0.0054931640625
qp091t,-5.41900634765625,90.7745361328125,0.00274658203125,0.0054931640625
qp094j,-5.41900634765625,90.7965087890625,0.00274658203125,0.0054931640625
qp095j,-5.41900634765625,90.8404541015625,0.00274658203125,0.0054931640625
qp095m,-5.41900634765625,90.8514404296875,0.00274658203125,0.0054931640625
qp095v,-5.41900634765625,90.8734130859375,0.00274658203125,0.0054931640625
qp09hj,-5.41900634765625,90.8843994140625,0.00274658203125,0.0054931640625
qp09hm,-5.41900634765625,90.8953857421875,0.00274658203125,0.0054931640625
qp09ht,-5.41900634765625,90.9063720703125,0.00274658203125,0.0054931640625
qp09hv,-5.41900634765625,90.9173583984375,0.00274658203125,0.0054931640625
qp09jv,-5.41900634765625,90.9613037109375,0.00274658203125,0.0054931640625
qp03jq,-5.41351318359375,90.5877685546875,0.00274658203125,0.0054931640625
qp03jw,-5.41351318359375,90.5987548828125,0.00274658203125,0.0054931640625
qp03jy,-5.41351318359375,90.6097412109375,0.00274658203125,0.0054931640625
qp03nq,-5.41351318359375,90.6317138671875,0.00274658203125,0.0054931640625
qp03nw,-5.41351318359375,90.6427001953125,0.00274658203125,0.0054931640625
qp03ny,-5.41351318359375,90.6536865234375,0.00274658203125,0.0054931640625
qp03pq,-5.41351318359375,90.6756591796875,0.00274658203125,0.0054931640625
qp03pw,-5.41351318359375,90.6866455078125,0.00274658203125,0.0054931640625
qp03py,-5.41351318359375,90.6976318359375,0.00274658203125,0.0054931640625
qp090n,-5.41351318359375,90.7086181640625,0.00274658203125,0.0054931640625
qp090q,-5.41351318359375,90.7196044921875,0.00274658203125,0.0054931640625
qp090w,-5.41351318359375,90.7305908203125,0.00274658203125,0.0054931640625
qp091q,-5.41351318359375,90.7635498046875,0.00274658203125,0.0054931640625
qp091y,-5.41351318359375,90.7855224609375,0.00274658203125,0.0054931640625
qp094n,-5.41351318359375,90.7965087890625,0.00274658203125,0.0054931640625
qp094q,-5.41351318359375,90.8074951171875,0.00274658203125,0.0054931640625
qp094y,-5.41351318359375,90.8294677734375,0.00274658203125,0.0054931640625
qp095n,-5.41351318359375,90.8404541015625,0.00274658203125,0.0054931640625
qp095q,-5.41351318359375,90.8514404296875,0.00274658203125,0.0054931640625
qp095w,-5.41351318359375,90.8624267578125,0.00274658203125,0.0054931640625
qp095y,-5.41351318359375,90.8734130859375,0.00274658203125,0.0054931640625
qp09hn,-5.41351318359375,90.8843994140625,0.00274658203125,0.0054931640625
qp09hq,-5.41351318359375,90.8953857421875,0.00274658203125,0.0054931640625
qp09hy,-5.41351318359375,90.9173583984375,0.00274658203125,0.0054931640625
qp09jq,-5.41351318359375,90.9393310546875,0.00274658203125,0.0054931640625
qp03jr,-5.40802001953125,90.5877685546875,0.00274658203125,0.0054931640625
qp03jx,-5.40802001953125,90.5987548828125,0.00274658203125,0.0054931640625
qp03nx,-5.40802001953125,90.6427001953125,0.00274658203125,0.0054931640625
qp03nz,-5.40802001953125,90.6536865234375,0.00274658203125,0.0054931640625
qp03pp,-5.40802001953125,90.6646728515625,0.00274658203125,0.0054931640625
qp03pr,-5.40802001953125,90.6756591796875,0.00274658203125,0.0054931640625
qp03px,-5.40802001953125,90.6866455078125,0.00274658203125,0.0054931640625
qp03pz,-5.40802001953125,90.6976318359375,0.00274658203125,0.0054931640625
qp090p,-5.40802001953125,90.7086181640625,0.00274658203125,0.0054931640625
qp090r,-5.40802001953125,90.7196044921875,0.00274658203125,0.0054931640625
qp090x,-5.40802001953125,90.7305908203125,0.00274658203125,0.0054931640625
qp091z,-5.40802001953125,90.7855224609375,0.00274658203125,0.0054931640625
qp094p,-5.40802001953125,90.7965087890625,0.00274658203125,0.0054931640625
qp094r,-5.40802001953125,90.8074951171875,0.00274658203125,0.0054931640625
qp094x,-5.40802001953125,90.8184814453125,0.00274658203125,0.0054931640625
qp094z,-5.40802001953125,90.8294677734375,0.00274658203125,0.0054931640625
qp095r,-5.40802001953125,90.8514404296875,0.00274658203125,0.0054931640625
qp095x,-5.40802001953125,90.8624267578125,0.00274658203125,0.0054931640625
qp095z,-5.40802001953125,90.8734130859375,0.00274658203125,0.0054931640625
qp09hp,-5.40802001953125,90.8843994140625,0.00274658203125,0.0054931640625
qp09hr,-5.40802001953125,90.8953857421875,0.00274658203125,0.0054931640625
qp09jp,-5.40802001953125,90.9283447265625,0.00274658203125,0.0054931640625
qp03m2,-5.40252685546875,90.5877685546875,0.00274658203125,0.0054931640625
qp03mb,-5.40252685546875,90.6097412109375,0.00274658203125,0.0054931640625
qp03q0,-5.40252685546875,90.6207275390625,0.00274658203125,0.0054931640625
qp03q2,-5.40252685546875,90.6317138671875,0.00274658203125,0.0054931640625
qp03q8,-5.40252685546875,90.6427001953125,0.00274658203125,0.0054931640625
qp03qb,-5.40252685546875,90.6536865234375,0.00274658203125,0.0054931640625
qp03r0,-5.40252685546875,90.6646728515625,0.00274658203125,0.0054931640625
qp03r2,-5.40252685546875,90.6756591796875,0.00274658203125,0.0054931640625
qp03r8,-5.40252685546875,90.6866455078125,0.00274658203125,0.0054931640625
qp0920,-5.40252685546875,90.7086181640625,0.00274658203125,0.0054931640625
qp0922,-5.40252685546875,90.7196044921875,0.00274658203125,0.0054931640625
qp0928,-5.40252685546875,90.7305908203125,0.00274658203125,0.0054931640625
qp093b,-5.40252685546875,90.7855224609375,0.00274658203125,0.0054931640625
qp0962,-5.40252685546875,90.8074951171875,0.00274658203125,0.0054931640625
qp096b,-5.40252685546875,90.8294677734375,0.00274658203125,0.0054931640625
qp0970,-5.40252685546875,90.8404541015625,0.00274658203125,0.0054931640625
qp0972,-5.40252685546875,90.8514404296875,0.00274658203125,0.0054931640625
qp097b,-5.40252685546875,90.8734130859375,0.00274658203125,0.0054931640625
qp09k2,-5.40252685546875,90.8953857421875,0.00274658203125,0.0054931640625
qp09m0,-5.40252685546875,90.9283447265625,0.00274658203125,0.0054931640625
qp09m2,-5.40252685546875,90.9393310546875,0.00274658203125,0.0054931640625
qp03m3,-5.39703369140625,90.5877685546875,0.00274658203125,0.0054931640625
qp03q1,-5.39703369140625,90.6207275390625,0.00274658203125,0.0054931640625
qp03q3,-5.39703369140625,90.6317138671875,0.00274658203125,0.0054931640625
qp03q9,-5.39703369140625,90.6427001953125,0.00274658203125,0.0054931640625
qp03qc,-5.39703369140625,90.6536865234375,0.00274658203125,0.0054931640625
qp03r1,-5.39703369140625,90.6646728515625,0.00274658203125,0.0054931640625
qp03r3,-5.39703369140625,90.6756591796875,0.00274658203125,0.0054931640625
qp03r9,-5.39703369140625,90.6866455078125,0.00274658203125,0.0054931640625
qp0921,-5.39703369140625,90.7086181640625,0.00274658203125,0.0054931640625
qp0923,-5.39703369140625,90.7196044921875,0.00274658203125,0.0054931640625
qp0929,-5.39703369140625,90.7305908203125,0.00274658203125,0.0054931640625
qp093c,-5.39703369140625,90.7855224609375,0.00274658203125,0.0054931640625
qp0961,-5.39703369140625,90.7965087890625,0.00274658203125,0.0054931640625
qp0963,-5.39703369140625,90.8074951171875,0.00274658203125,0.0054931640625
qp0969,-5.39703369140625,90.8184814453125,0.00274658203125,0.0054931640625
qp096c,-5.39703369140625,90.8294677734375,0.00274658203125,0.0054931640625
qp0971,-5.39703369140625,90.8404541015625,0.00274658203125,0.0054931640625
qp097c,-5.39703369140625,90.8734130859375,0.00274658203125,0.0054931640625
qp09k1,-5.39703369140625,90.8843994140625,0.00274658203125,0.0054931640625
qp09k3,-5.39703369140625,90.8953857421875,0.00274658203125,0.0054931640625
qp09k9,-5.39703369140625,90.9063720703125,0.00274658203125,0.0054931640625
qp09kc,-5.39703369140625,90.9173583984375,0.00274658203125,0.0054931640625
qp03m6,-5.39154052734375,90.5877685546875,0.00274658203125,0.0054931640625
qp03mf,-5.39154052734375,90.6097412109375,0.00274658203125,0.0054931640625
qp03q6,-5.39154052734375,90.6317138671875,0.00274658203125,0.0054931640625
qp03qd,-5.39154052734375,90.6427001953125,0.00274658203125,0.0054931640625
qp03qf,-5.39154052734375,90.6536865234375,0.00274658203125,0.0054931640625
qp03r4,-5.39154052734375,90.6646728515625,0.00274658203125,0.0054931640625
qp03r6,-5.39154052734375,90.6756591796875,0.00274658203125,0.0054931640625
qp03rd,-5.39154052734375,90.6866455078125,0.00274658203125,0.0054931640625
qp03rf,-5.39154052734375,90.6976318359375,0.00274658203125,0.0054931640625
qp0924,-5.39154052734375,90.7086181640625,0.00274658203125,0.0054931640625
qp0926,-5.39154052734375,90.7196044921875,0.00274658203125,0.0054931640625
qp092d,-5.39154052734375,90.7305908203125,0.00274658203125,0.0054931640625
qp096f,-5.39154052734375,90.8294677734375,0.00274658203125,0.0054931640625
qp0974,-5.39154052734375,90.8404541015625,0.00274658203125,0.0054931640625
qp0976,-5.39154052734375,90.8514404296875,0.00274658203125,0.0054931640625
qp097d,-5.39154052734375,90.8624267578125,0.00274658203125,0.0054931640625
qp097f,-5.39154052734375,90.8734130859375,0.00274658203125,0.0054931640625
qp09k4,-5.39154052734375,90.8843994140625,0.00274658203125,0.0054931640625
qp03m7,-5.38604736328125,90.5877685546875,0.00274658203125,0.0054931640625
qp03me,-5.38604736328125,90.5987548828125,0.00274658203125,0.0054931640625
qp03mg,-5.38604736328125,90.6097412109375,0.00274658203125,0.0054931640625
qp03q5,-5.38604736328125,90.6207275390625,0.00274658203125,0.0054931640625
qp03q7,-5.38604736328125,90.6317138671875,0.00274658203125,0.0054931640625
qp03qe,-5.38604736328125,90.6427001953125,0.00274658203125,0.0054931640625
qp03qg,-5.38604736328125,90.6536865234375,0.00274658203125,0.0054931640625
qp03r5,-5.38604736328125,90.6646728515625,0.00274658203125,0.0054931640625
qp03re,-5.38604736328125,90.6866455078125,0.00274658203125,0.0054931640625
qp03rg,-5.38604736328125,90.6976318359375,0.00274658203125,0.0054931640625
qp0925,-5.38604736328125,90.7086181640625,0.00274658203125,0.0054931640625
qp0927,-5.38604736328125,90.7196044921875,0.00274658203125,0.0054931640625
qp092e,-5.38604736328125,90.7305908203125,0.00274658203125,0.0054931640625
qp093g,-5.38604736328125,90.7855224609375,0.00274658203125,0.0054931640625
qp096g,-5.38604736328125,90.8294677734375,0.00274658203125,0.0054931640625
qp0975,-5.38604736328125,90.8404541015625,0.00274658203125,0.0054931640625
qp0977,-5.38604736328125,90.8514404296875,0.00274658203125,0.0054931640625
qp097e,-5.38604736328125,90.8624267578125,0.00274658203125,0.0054931640625
qp097g,-5.38604736328125,90.8734130859375,0.00274658203125,0.0054931640625
qp09ke,-5.38604736328125,90.9063720703125,0.00274658203125,0.0054931640625
qp03ms,-5.38055419921875,90.5987548828125,0.00274658203125,0.0054931640625
qp03mu,-5.38055419921875,90.6097412109375,0.00274658203125,0.0054931640625
qp03qh,-5.38055419921875,90.6207275390625,0.00274658203125,0.0054931640625
qp03qs,-5.38055419921875,90.6427001953125,0.00274658203125,0.0054931640625
qp03qu,-5.38055419921875,90.6536865234375,0.00274658203125,0.0054931640625
qp03rh,-5.38055419921875,90.6646728515625,0.00274658203125,0.0054931640625
qp03rk,-5.38055419921875,90.6756591796875,0.00274658203125,0.0054931640625
qp03rs,-5.38055419921875,90.6866455078125,0.00274658203125,0.0054931640625
qp03ru,-5.38055419921875,90.6976318359375,0.00274658203125,0.0054931640625
qp092h,-5.38055419921875,90.7086181640625,0.00274658203125,0.0054931640625
qp092k,-5.38055419921875,90.7196044921875,0.00274658203125,0.0054931640625
qp092s,-5.38055419921875,90.7305908203125,0.00274658203125,0.0054931640625
qp093u,-5.38055419921875,90.7855224609375,0.00274658203125,0.0054931640625
qp096s,-5.38055419921875,90.8184814453125,0.00274658203125,0.0054931640625
qp096u,-5.38055419921875,90.8294677734375,0.00274658203125,0.0054931640625
qp097h,-5.38055419921875,90.8404541015625,0.00274658203125,0.0054931640625
qp097k,-5.38055419921875,90.8514404296875,0.00274658203125,0.0054931640625
qp097s,-5.38055419921875,90.8624267578125,0.00274658203125,0.0054931640625
qp097u,-5.38055419921875,90.8734130859375,0.00274658203125,0.0054931640625
qp03mt,-5.37506103515625,90.5987548828125,0.00274658203125,0.0054931640625
qp03mv,-5.37506103515625,90.6097412109375,0.00274658203125,0.0054931640625
qp03qj,-5.37506103515625,90.6207275390625,0.00274658203125,0.0054931640625
qp03qm,-5.37506103515625,90.6317138671875,0.00274658203125,0.0054931640625
qp03qv,-5.37506103515625,90.6536865234375,0.00274658203125,0.0054931640625
qp03rj,-5.37506103515625,90.6646728515625,0.00274658203125,0.0054931640625
qp03rm,-5.37506103515625,90.6756591796875,0.00274658203125,0.0054931640625
qp03rt,-5.37506103515625,90.6866455078125,0.00274658203125,0.0054931640625
qp03rv,-5.37506103515625,90.6976318359375,0.00274658203125,0.0054931640625
qp092j,-5.37506103515625,90.7086181640625,0.00274658203125,0.0054931640625
qp092m,-5.37506103515625,90.7196044921875,0.00274658203125,0.0054931640625
qp092t,-5.37506103515625,90.7305908203125,0.00274658203125,0.0054931640625
qp093v,-5.37506103515625,90.7855224609375,0.00274658203125,0.0054931640625
qp096j,-5.37506103515625,90.7965087890625,0.00274658203125,0.0054931640625
qp096m,-5.37506103515625,90.8074951171875,0.00274658203125,0.0054931640625
qp096t,-5.37506103515625,90.8184814453125,0.00274658203125,0.0054931640625
qp096v,-5.37506103515625,90.8294677734375,0.00274658203125,0.0054931640625
qp097j,-5.37506103515625,90.8404541015625,0.00274658203125,0.0054931640625
qp097t,-5.37506103515625,90.8624267578125,0.00274658203125,0.0054931640625
qp097v,-5.37506103515625,90.8734130859375,0.00274658203125,0.0054931640625
qp09km,-5.37506103515625,90.8953857421875,0.00274658203125,0.0054931640625
qp09kt,-5.37506103515625,90.9063720703125,0.00274658203125,0.0054931640625
qp09kv,-5.37506103515625,90.9173583984375,0.00274658203125,0.0054931640625
qp09mj,-5.37506103515625,90.9283447265625,0.00274658203125,0.0054931640625
qp09mt,-5.37506103515625,90.9503173828125,0.00274658203125,0.0054931640625
qp03mw,-5.36956787109375,90.5987548828125,0.00274658203125,0.0054931640625
qp03my,-5.36956787109375,90.6097412109375,0.00274658203125,0.0054931640625
qp03qq,-5.36956787109375,90.6317138671875,0.00274658203125,0.0054931640625
qp03qy,-5.36956787109375,90.6536865234375,0.00274658203125,0.0054931640625
qp03rn,-5.36956787109375,90.6646728515625,0.00274658203125,0.0054931640625
qp03rq,-5.36956787109375,90.6756591796875,0.00274658203125,0.0054931640625
qp03rw,-5.36956787109375,90.6866455078125,0.00274658203125,0.0054931640625
qp03ry,-5.36956787109375,90.6976318359375,0.00274658203125,0.0054931640625
qp092n,-5.36956787109375,90.7086181640625,0.00274658203125,0.0054931640625
qp092q,-5.36956787109375,90.7196044921875,0.00274658203125,0.0054931640625
qp092w,-5.36956787109375,90.7305908203125,0.00274658203125,0.0054931640625
qp093w,-5.36956787109375,90.7745361328125,0.00274658203125,0.0054931640625
qp093y,-5.36956787109375,90.7855224609375,0.00274658203125,0.0054931640625
qp096n,-5.36956787109375,90.7965087890625,0.00274658203125,0.0054931640625
qp096q,-5.36956787109375,90.8074951171875,0.00274658203125,0.0054931640625
qp096w,-5.36956787109375,90.8184814453125,0.00274658203125,0.0054931640625
qp096y,-5.36956787109375,90.8294677734375,0.00274658203125,0.0054931640625
qp097n,-5.36956787109375,90.8404541015625,0.00274658203125,0.0054931640625
qp097w,-5.36956787109375,90.8624267578125,0.00274658203125,0.0054931640625
qp097y,-5.36956787109375,90.8734130859375,0.00274658203125,0.0054931640625
qp09kn,-5.36956787109375,90.8843994140625,0.00274658203125,0.0054931640625
qp09kw,-5.36956787109375,90.9063720703125,0.00274658203125,0.0054931640625
qp09mn,-5.36956787109375,90.9283447265625,0.00274658203125,0.0054931640625
qp09mw,-5.36956787109375,90.9503173828125,0.00274658203125,0.0054931640625
qp03mz,-5.36407470703125,90.6097412109375,0.00274658203125,0.0054931640625
qp03qz,-5.36407470703125,90.6536865234375,0.00274658203125,0.0054931640625
qp03rp,-5.36407470703125,90.6646728515625,0.00274658203125,0.0054931640625
qp03rr,-5.36407470703125,90.6756591796875,0.00274658203125,0.0054931640625
qp03rx,-5.36407470703125,90.6866455078125,0.00274658203125,0.0054931640625
qp03rz,-5.36407470703125,90.6976318359375,0.00274658203125,0.0054931640625
qp092p,-5.36407470703125,90.7086181640625,0.00274658203125,0.0054931640625
qp092r,-5.36407470703125,90.7196044921875,0.00274658203125,0.0054931640625
qp092x,-5.36407470703125,90.7305908203125,0.00274658203125,0.0054931640625
qp093p,-5.36407470703125,90.7525634765625,0.00274658203125,0.0054931640625
qp093r,-5.36407470703125,90.7635498046875,0.00274658203125,0.0054931640625
qp093x,-5.36407470703125,90.7745361328125,0.00274658203125,0.0054931640625
qp096p,-5.36407470703125,90.7965087890625,0.00274658203125,0.0054931640625
qp096r,-5.36407470703125,90.8074951171875,0.00274658203125,0.0054931640625
qp096x,-5.36407470703125,90.8184814453125,0.00274658203125,0.0054931640625
qp096z,-5.36407470703125,90.8294677734375,0.00274658203125,0.0054931640625
qp097z,-5.36407470703125,90.8734130859375,0.00274658203125,0.0054931640625
qp09kr,-5.36407470703125,90.8953857421875,0.00274658203125,0.0054931640625
qp09kx,-5.36407470703125,90.9063720703125,0.00274658203125,0.0054931640625
qp09kz,-5.36407470703125,90.9173583984375,0.00274658203125,0.0054931640625
qp09mp,-5.36407470703125,90.9283447265625,0.00274658203125,0.0054931640625
qp09mr,-5.36407470703125,90.9393310546875,0.00274658203125,0.0054931640625
qp09mx,-5.36407470703125,90.9503173828125,0.00274658203125,0.0054931640625
qp03t2,-5.35858154296875,90.5877685546875,0.00274658203125,0.0054931640625
qp03t8,-5.35858154296875,90.5987548828125,0.00274658203125,0.0054931640625
qp03tb,-5.35858154296875,90.6097412109375,0.00274658203125,0.0054931640625
qp03w0,-5.35858154296875,90.6207275390625,0.00274658203125,0.0054931640625
qp03w8,-5.35858154296875,90.6427001953125,0.00274658203125,0.0054931640625
qp03x2,-5.35858154296875,90.6756591796875,0.00274658203125,0.0054931640625
qp03x8,-5.35858154296875,90.6866455078125,0.00274658203125,0.0054931640625
qp03xb,-5.35858154296875,90.6976318359375,0.00274658203125,0.0054931640625
qp0982,-5.35858154296875,90.7196044921875,0.00274658203125,0.0054931640625
qp0988,-5.35858154296875,90.7305908203125,0.00274658203125,0.0054931640625
qp0992,-5.35858154296875,90.7635498046875,0.00274658203125,0.0054931640625
qp0998,-5.35858154296875,90.7745361328125,0.00274658203125,0.0054931640625
qp099b,-5.35858154296875,90.7855224609375,0.00274658203125,0.0054931640625
qp09d2,-5.35858154296875,90.8074951171875,0.00274658203125,0.0054931640625
qp09d8,-5.35858154296875,90.8184814453125,0.00274658203125,0.0054931640625
qp09db,-5.35858154296875,90.8294677734375,0.00274658203125,0.0054931640625
qp09e2,-5.35858154296875,90.8514404296875,0.00274658203125,0.0054931640625
qp09e8,-5.35858154296875,90.8624267578125,0.00274658203125,0.0054931640625
qp09eb,-5.35858154296875,90.8734130859375,0.00274658203125,0.0054931640625
qp09s8,-5.35858154296875,90.9063720703125,0.00274658203125,0.0054931640625
qp09sb,-5.35858154296875,90.9173583984375,0.00274658203125,0.0054931640625
qp09t0,-5.35858154296875,90.9283447265625,0.00274658203125,0.0054931640625
qp09t2,-5.35858154296875,90.9393310546875,0.00274658203125,0.0054931640625
qp09t8,-5.35858154296875,90.9503173828125,0.00274658203125,0.0054931640625
qp03t3,-5.35308837890625,90.5877685546875,0.00274658203125,0.0054931640625
qp03tc,-5.35308837890625,90.6097412109375,0.00274658203125,0.0054931640625
qp03w1,-5.35308837890625,90.6207275390625,0.00274658203125,0.0054931640625
qp03w3,-5.35308837890625,90.6317138671875,0.00274658203125,0.0054931640625
qp03w9,-5.35308837890625,90.6427001953125,0.00274658203125,0.0054931640625
qp03wc,-5.35308837890625,90.6536865234375,0.00274658203125,0.0054931640625
qp03x1,-5.35308837890625,90.6646728515625,0.00274658203125,0.0054931640625
qp03x3,-5.35308837890625,90.6756591796875,0.00274658203125,0.0054931640625
qp03x9,-5.35308837890625,90.6866455078125,0.00274658203125,0.0054931640625
qp03xc,-5.35308837890625,90.6976318359375,0.00274658203125,0.0054931640625
qp0981,-5.35308837890625,90.7086181640625,0.00274658203125,0.0054931640625
qp0983,-5.35308837890625,90.7196044921875,0.00274658203125,0.0054931640625
qp0991,-5.35308837890625,90.7525634765625,0.00274658203125,0.0054931640625
qp0993,-5.35308837890625,90.7635498046875,0.00274658203125,0.0054931640625
qp0999,-5.35308837890625,90.7745361328125,0.00274658203125,0.0054931640625
qp099c,-5.35308837890625,90.7855224609375,0.00274658203125,0.0054931640625
qp09d3,-5.35308837890625,90.8074951171875,0.00274658203125,0.0054931640625
qp09d9,-5.35308837890625,90.8184814453125,0.00274658203125,0.0054931640625
qp09dc,-5.35308837890625,90.8294677734375,0.00274658203125,0.0054931640625
qp09e3,-5.35308837890625,90.8514404296875,0.00274658203125,0.0054931640625
qp09e9,-5.35308837890625,90.8624267578125,0.00274658203125,0.0054931640625
qp09ec,-5.35308837890625,90.8734130859375,0.00274658203125,0.0054931640625
qp09s3,-5.35308837890625,90.8953857421875,0.00274658203125,0.0054931640625
qp09s9,-5.35308837890625,90.9063720703125,0.00274658203125,0.0054931640625
qp09sc,-5.35308837890625,90.9173583984375,0.00274658203125,0.0054931640625
qp03td,-5.34759521484375,90.5987548828125,0.00274658203125,0.0054931640625
qp03w4,-5.34759521484375,90.6207275390625,0.00274658203125,0.0054931640625
qp03w6,-5.34759521484375,90.6317138671875,0.00274658203125,0.0054931640625
qp03wd,-5.34759521484375,90.6427001953125,0.00274658203125,0.0054931640625
qp03wf,-5.34759521484375,90.6536865234375,0.00274658203125,0.0054931640625
qp03x4,-5.34759521484375,90.6646728515625,0.00274658203125,0.0054931640625
qp03x6,-5.34759521484375,90.6756591796875,0.00274658203125,0.0054931640625
qp03xd,-5.34759521484375,90.6866455078125,0.00274658203125,0.0054931640625
qp03xf,-5.34759521484375,90.6976318359375,0.00274658203125,0.0054931640625
qp0984,-5.34759521484375,90.7086181640625,0.00274658203125,0.0054931640625
qp0986,-5.34759521484375,90.7196044921875,0.00274658203125,0.0054931640625
qp098d,-5.34759521484375,90.7305908203125,0.00274658203125,0.0054931640625
qp0994,-5.34759521484375,90.7525634765625,0.00274658203125,0.0054931640625
qp0996,-5.34759521484375,90.7635498046875,0.00274658203125,0.0054931640625
qp099d,-5.34759521484375,90.7745361328125,0.00274658203125,0.0054931640625
qp09d6,-5.34759521484375,90.8074951171875,0.00274658203125,0.0054931640625
qp09dd,-5.34759521484375,90.8184814453125,0.00274658203125,0.0054931640625
qp09df,-5.34759521484375,90.8294677734375,0.00274658203125,0.0054931640625
qp09e6,-5.34759521484375,90.8514404296875,0.00274658203125,0.0054931640625
qp09ed,-5.34759521484375,90.8624267578125,0.00274658203125,0.0054931640625
qp09s6,-5.34759521484375,90.8953857421875,0.00274658203125,0.0054931640625
qp09sd,-5.34759521484375,90.9063720703125,0.00274658203125,0.0054931640625
qp09sf,-5.34759521484375,90.9173583984375,0.00274658203125,0.0054931640625
qp09t4,-5.34759521484375,90.9283447265625,0.00274658203125,0.0054931640625
qp03te,-5.34210205078125,90.5987548828125,0.00274658203125,0.0054931640625
qp03tg,-5.34210205078125,90.6097412109375,0.00274658203125,0.0054931640625
qp03w5,-5.34210205078125,90.6207275390625,0.00274658203125,0.0054931640625
qp03we,-5.34210205078125,90.6427001953125,0.00274658203125,0.0054931640625
qp03wg,-5.34210205078125,90.6536865234375,0.00274658203125,0.0054931640625
qp03x5,-5.34210205078125,90.6646728515625,0.00274658203125,0.0054931640625
qp03x7,-5.34210205078125,90.6756591796875,0.00274658203125,0.0054931640625
qp03xe,-5.34210205078125,90.6866455078125,0.00274658203125,0.0054931640625
qp03xg,-5.34210205078125,90.6976318359375,0.00274658203125,0.0054931640625
qp0985,-5.34210205078125,90.7086181640625,0.00274658203125,0.0054931640625
qp0987,-5.34210205078125,90.7196044921875,0.00274658203125,0.0054931640625
qp098e,-5.34210205078125,90.7305908203125,0.00274658203125,0.0054931640625
qp0995,-5.34210205078125,90.7525634765625,0.00274658203125,0.0054931640625
qp0997,-5.34210205078125,90.7635498046875,0.00274658203125,0.0054931640625
qp099e,-5.34210205078125,90.7745361328125,0.00274658203125,0.0054931640625
qp099g,-5.34210205078125,90.7855224609375,0.00274658203125,0.0054931640625
qp09d5,-5.34210205078125,90.7965087890625,0.00274658203125,0.0054931640625
qp09d7,-5.34210205078125,90.8074951171875,0.00274658203125,0.0054931640625
qp09de,-5.34210205078125,90.8184814453125,0.00274658203125,0.0054931640625
qp09dg,-5.34210205078125,90.8294677734375,0.00274658203125,0.0054931640625
qp09e5,-5.34210205078125,90.8404541015625,0.00274658203125,0.0054931640625
qp09e7,-5.34210205078125,90.8514404296875,0.00274658203125,0.0054931640625
qp09s7,-5.34210205078125,90.8953857421875,0.00274658203125,0.0054931640625
qp09se,-5.34210205078125,90.9063720703125,0.00274658203125,0.0054931640625
qp09t5,-5.34210205078125,90.9283447265625,0.00274658203125,0.0054931640625
qp09w5,-5.34210205078125,90.9722900390625,0.00274658203125,0.0054931640625
qp03tk,-5.33660888671875,90.5877685546875,0.00274658203125,0.0054931640625
qp03ts,-5.33660888671875,90.5987548828125,0.00274658203125,0.0054931640625
qp03wk,-5.33660888671875,90.6317138671875,0.00274658203125,0.0054931640625
qp03ws,-5.33660888671875,90.6427001953125,0.00274658203125,0.0054931640625
qp03wu,-5.33660888671875,90.6536865234375,0.00274658203125,0.0054931640625
qp03xh,-5.33660888671875,90.6646728515625,0.00274658203125,0.0054931640625
qp03xk,-5.33660888671875,90.6756591796875,0.00274658203125,0.0054931640625
qp03xs,-5.33660888671875,90.6866455078125,0.00274658203125,0.0054931640625
qp03xu,-5.33660888671875,90.6976318359375,0.00274658203125,0.0054931640625
qp098h,-5.33660888671875,90.7086181640625,0.00274658203125,0.0054931640625
qp098k,-5.33660888671875,90.7196044921875,0.00274658203125,0.0054931640625
qp099k,-5.33660888671875,90.7635498046875,0.00274658203125,0.0054931640625
qp099s,-5.33660888671875,90.7745361328125,0.00274658203125,0.0054931640625
qp09dh,-5.33660888671875,90.7965087890625,0.00274658203125,0.0054931640625
qp09dk,-5.33660888671875,90.8074951171875,0.00274658203125,0.0054931640625
qp09ds,-5.33660888671875,90.8184814453125,0.00274658203125,0.0054931640625
qp09eh,-5.33660888671875,90.8404541015625,0.00274658203125,0.0054931640625
qp09ek,-5.33660888671875,90.8514404296875,0.00274658203125,0.0054931640625
qp09es,-5.33660888671875,90.8624267578125,0.00274658203125,0.0054931640625
qp09sh,-5.33660888671875,90.8843994140625,0.00274658203125,0.0054931640625
qp09sk,-5.33660888671875,90.8953857421875,0.00274658203125,0.0054931640625
qp09ss,-5.33660888671875,90.9063720703125,0.00274658203125,0.0054931640625
qp09su,-5.33660888671875,90.9173583984375,0.00274658203125,0.0054931640625
qp09th,-5.33660888671875,90.9283447265625,0.00274658203125,0.0054931640625
qp09tk,-5.33660888671875,90.9393310546875,0.00274658203125,0.0054931640625
qp03tv,-5.33111572265625,90.6097412109375,0.00274658203125,0.0054931640625
qp03wj,-5.33111572265625,90.6207275390625,0.00274658203125,0.0054931640625
qp03wm,-5.33111572265625,90.6317138671875,0.00274658203125,0.0054931640625
qp03wt,-5.33111572265625,90.6427001953125,0.00274658203125,0.0054931640625
qp03wv,-5.33111572265625,90.6536865234375,0.00274658203125,0.0054931640625
qp03xj,-5.33111572265625,90.6646728515625,0.00274658203125,0.0054931640625
qp03xm,-5.33111572265625,90.6756591796875,0.00274658203125,0.0054931640625
qp03xt,-5.33111572265625,90.6866455078125,0.00274658203125,0.0054931640625
qp03xv,-5.33111572265625,90.6976318359375,0.00274658203125,0.0054931640625
qp098j,-5.33111572265625,90.7086181640625,0.00274658203125,0.0054931640625
qp098m,-5.33111572265625,90.7196044921875,0.00274658203125,0.0054931640625
qp099m,-5.33111572265625,90.7635498046875,0.00274658203125,0.0054931640625
qp099t,-5.33111572265625,90.7745361328125,0.00274658203125,0.0054931640625
qp099v,-5.33111572265625,90.7855224609375,0.00274658203125,0.0054931640625
qp09dj,-5.33111572265625,90.7965087890625,0.00274658203125,0.0054931640625
qp09dm,-5.33111572265625,90.8074951171875,0.00274658203125,0.0054931640625
qp09ej,-5.33111572265625,90.8404541015625,0.00274658203125,0.0054931640625
qp09em,-5.33111572265625,90.8514404296875,0.00274658203125,0.0054931640625
qp09sj,-5.33111572265625,90.8843994140625,0.00274658203125,0.0054931640625
qp09sm,-5.33111572265625,90.8953857421875,0.00274658203125,0.0054931640625
qp09st,-5.33111572265625,90.9063720703125,0.00274658203125,0.0054931640625
qp09tj,-5.33111572265625,90.9283447265625,0.00274658203125,0.0054931640625
qp03tw,-5.32562255859375,90.5987548828125,0.00274658203125,0.0054931640625
qp03ty,-5.32562255859375,90.6097412109375,0.00274658203125,0.0054931640625
qp03wn,-5.32562255859375,90.6207275390625,0.00274658203125,0.0054931640625
qp03wq,-5.32562255859375,90.6317138671875,0.00274658203125,0.0054931640625
qp03ww,-5.32562255859375,90.6427001953125,0.00274658203125,0.0054931640625
qp03wy,-5.32562255859375,90.6536865234375,0.00274658203125,0.0054931640625
qp03xn,-5.32562255859375,90.6646728515625,0.00274658203125,0.0054931640625
qp03xq,-5.32562255859375,90.6756591796875,0.00274658203125,0.0054931640625
qp03xw,-5.32562255859375,90.6866455078125,0.00274658203125,0.0054931640625
qp03xy,-5.32562255859375,90.6976318359375,0.00274658203125,0.0054931640625
qp098n,-5.32562255859375,90.7086181640625,0.00274658203125,0.0054931640625
qp098q,-5.32562255859375,90.7196044921875,0.00274658203125,0.0054931640625
qp099q,-5.32562255859375,90.7635498046875,0.00274658203125,0.0054931640625
qp099y,-5.32562255859375,90.7855224609375,0.00274658203125,0.0054931640625
qp09dn,-5.32562255859375,90.7965087890625,0.00274658203125,0.0054931640625
qp09dq,-5.32562255859375,90.8074951171875,0.00274658203125,0.0054931640625
qp09eq,-5.32562255859375,90.8514404296875,0.00274658203125,0.0054931640625
qp09ew,-5.32562255859375,90.8624267578125,0.00274658203125,0.0054931640625
qp09sn,-5.32562255859375,90.8843994140625,0.00274658203125,0.0054931640625
qp09sw,-5.32562255859375,90.9063720703125,0.00274658203125,0.0054931640625
qp09sy,-5.32562255859375,90.9173583984375,0.00274658203125,0.0054931640625
qp09tn,-5.32562255859375,90.9283447265625,0.00274658203125,0.0054931640625
qp09tq,-5.32562255859375,90.9393310546875,0.00274658203125,0.0054931640625
qp09tw,-5.32562255859375,90.9503173828125,0.00274658203125,0.0054931640625
qp03tx,-5.32012939453125,90.5987548828125,0.00274658203125,0.0054931640625
qp03wp,-5.32012939453125,90.6207275390625,0.00274658203125,0.0054931640625
qp03wr,-5.32012939453125,90.6317138671875,0.00274658203125,0.0054931640625
qp03wx,-5.32012939453125,90.6427001953125,0.00274658203125,0.0054931640625
qp03wz,-5.32012939453125,90.6536865234375,0.00274658203125,0.0054931640625
qp03xp,-5.32012939453125,90.6646728515625,0.00274658203125,0.0054931640625
qp03xr,-5.32012939453125,90.6756591796875,0.00274658203125,0.0054931640625
qp03xx,-5.32012939453125,90.6866455078125,0.00274658203125,0.0054931640625
qp03xz,-5.32012939453125,90.6976318359375,0.00274658203125,0.0054931640625
qp098p,-5.32012939453125,90.7086181640625,0.00274658203125,0.0054931640625
qp098r,-5.32012939453125,90.7196044921875,0.00274658203125,0.0054931640625
qp099x,-5.32012939453125,90.7745361328125,0.00274658203125,0.0054931640625
qp099z,-5.32012939453125,90.7855224609375,0.00274658203125,0.0054931640625
qp09dp,-5.32012939453125,90.7965087890625,0.00274658203125,0.0054931640625
qp09dr,-5.32012939453125,90.8074951171875,0.00274658203125,0.0054931640625
qp09dx,-5.32012939453125,90.8184814453125,0.00274658203125,0.0054931640625
qp09ep,-5.32012939453125,90.8404541015625,0.00274658203125,0.0054931640625
qp09er,-5.32012939453125,90.8514404296875,0.00274658203125,0.0054931640625
qp09ex,-5.32012939453125,90.8624267578125,0.00274658203125,0.0054931640625
qp09ez,-5.32012939453125,90.8734130859375,0.00274658203125,0.0054931640625
qp09sp,-5.32012939453125,90.8843994140625,0.00274658203125,0.0054931640625
qp09sr,-5.32012939453125,90.8953857421875,0.00274658203125,0.0054931640625
qp09sx,-5.32012939453125,90.9063720703125,0.00274658203125,0.0054931640625
qp09sz,-5.32012939453125,90.9173583984375,0.00274658203125,0.0054931640625
qp09tp,-5.32012939453125,90.9283447265625,0.00274658203125,0.0054931640625
qp09tr,-5.32012939453125,90.9393310546875,0.00274658203125,0.0054931640625
qp09wp,-5.32012939453125,90.9722900390625,0.00274658203125,0.0054931640625
qp03y0,-5.31463623046875,90.6207275390625,0.00274658203125,0.0054931640625
qp03y2,-5.31463623046875,90.6317138671875,0.00274658203125,0.0054931640625
qp03y8,-5.31463623046875,90.6427001953125,0.00274658203125,0.0054931640625
qp03yb,-5.31463623046875,90.6536865234375,0.00274658203125,0.0054931640625
qp03z0,-5.31463623046875,90.6646728515625,0.00274658203125,0.0054931640625
qp03z2,-5.31463623046875,90.6756591796875,0.00274658203125,0.0054931640625
qp03z8,-5.31463623046875,90.6866455078125,0.00274658203125,0.0054931640625
qp03zb,-5.31463623046875,90.6976318359375,0.00274658203125,0.0054931640625
qp09b0,-5.31463623046875,90.7086181640625,0.00274658203125,0.0054931640625
qp09b2,-5.31463623046875,90.7196044921875,0.00274658203125,0.0054931640625
qp09g2,-5.31463623046875,90.8514404296875,0.00274658203125,0.0054931640625
qp09g8,-5.31463623046875,90.8624267578125,0.00274658203125,0.0054931640625
qp09gb,-5.31463623046875,90.8734130859375,0.00274658203125,0.0054931640625
qp09u0,-5.31463623046875,90.8843994140625,0.00274658203125,0.0054931640625
qp09u8,-5.31463623046875,90.9063720703125,0.00274658203125,0.0054931640625
qp09v0,-5.31463623046875,90.9283447265625,0.00274658203125,0.0054931640625
qp03vc,-5.30914306640625,90.6097412109375,0.00274658203125,0.0054931640625
qp03y9,-5.30914306640625,90.6427001953125,0.00274658203125,0.0054931640625
qp03yc,-5.30914306640625,90.6536865234375,0.00274658203125,0.0054931640625
qp03z9,-5.30914306640625,90.6866455078125,0.00274658203125,0.0054931640625
qp03zc,-5.30914306640625,90.6976318359375,0.00274658203125,0.0054931640625
qp09b1,-5.30914306640625,90.7086181640625,0.00274658203125,0.0054931640625
qp09b3,-5.30914306640625,90.7196044921875,0.00274658203125,0.0054931640625
qp09c9,-5.30914306640625,90.7745361328125,0.00274658203125,0.0054931640625
qp09cc,-5.30914306640625,90.7855224609375,0.00274658203125,0.0054931640625
qp09f1,-5.30914306640625,90.7965087890625,0.00274658203125,0.0054931640625
qp09f9,-5.30914306640625,90.8184814453125,0.00274658203125,0.0054931640625
qp09g1,-5.30914306640625,90.8404541015625,0.00274658203125,0.0054931640625
qp09g9,-5.30914306640625,90.8624267578125,0.00274658203125,0.0054931640625
qp09u1,-5.30914306640625,90.8843994140625,0.00274658203125,0.0054931640625
qp09v1,-5.30914306640625,90.9283447265625,0.00274658203125,0.0054931640625
qp09y1,-5.30914306640625,90.9722900390625,0.00274658203125,0.0054931640625
qp03y6,-5.30364990234375,90.6317138671875,0.00274658203125,0.0054931640625
qp03yd,-5.30364990234375,90.6427001953125,0.00274658203125,0.0054931640625
qp03yf,-5.30364990234375,90.6536865234375,0.00274658203125,0.0054931640625
qp03z4,-5.30364990234375,90.6646728515625,0.00274658203125,0.0054931640625
qp03zd,-5.30364990234375,90.6866455078125,0.00274658203125,0.0054931640625
qp03zf,-5.30364990234375,90.6976318359375,0.00274658203125,0.0054931640625
qp09b4,-5.30364990234375,90.7086181640625,0.00274658203125,0.0054931640625
qp09b6,-5.30364990234375,90.7196044921875,0.00274658203125,0.0054931640625
qp09bd,-5.30364990234375,90.7305908203125,0.00274658203125,0.0054931640625
qp09cf,-5.30364990234375,90.7855224609375,0.00274658203125,0.0054931640625
qp09f6,-5.30364990234375,90.8074951171875,0.00274658203125,0.0054931640625
qp09fd,-5.30364990234375,90.8184814453125,0.00274658203125,0.0054931640625
qp09ff,-5.30364990234375,90.8294677734375,0.00274658203125,0.0054931640625
qp09g4,-5.30364990234375,90.8404541015625,0.00274658203125,0.0054931640625
qp09g6,-5.30364990234375,90.8514404296875,0.00274658203125,0.0054931640625
qp09gf,-5.30364990234375,90.8734130859375,0.00274658203125,0.0054931640625
qp09ud,-5.30364990234375,90.9063720703125,0.00274658203125,0.0054931640625
qp09uf,-5.30364990234375,90.9173583984375,0.00274658203125,0.0054931640625
qp09v4,-5.30364990234375,90.9283447265625,0.00274658203125,0.0054931640625
qp03y7,-5.29815673828125,90.6317138671875,0.00274658203125,0.0054931640625
qp03ye,-5.29815673828125,90.6427001953125,0.00274658203125,0.0054931640625
qp03yg,-5.29815673828125,90.6536865234375,0.00274658203125,0.0054931640625
qp03z7,-5.29815673828125,90.6756591796875,0.00274658203125,0.0054931640625
qp03ze,-5.29815673828125,90.6866455078125,0.00274658203125,0.0054931640625
qp03zg,-5.29815673828125,90.6976318359375,0.00274658203125,0.0054931640625
qp09b5,-5.29815673828125,90.7086181640625,0.00274658203125,0.0054931640625
qp09b7,-5.29815673828125,90.7196044921875,0.00274658203125,0.0054931640625
qp09be,-5.29815673828125,90.7305908203125,0.00274658203125,0.0054931640625
qp09ce,-5.29815673828125,90.7745361328125,0.00274658203125,0.0054931640625
qp09cg,-5.29815673828125,90.7855224609375,0.00274658203125,0.0054931640625
qp09f7,-5.29815673828125,90.8074951171875,0.00274658203125,0.0054931640625
qp09fg,-5.29815673828125,90.8294677734375,0.00274658203125,0.0054931640625
qp09g5,-5.29815673828125,90.8404541015625,0.00274658203125,0.0054931640625
qp09g7,-5.29815673828125,90.8514404296875,0.00274658203125,0.0054931640625
qp09ue,-5.29815673828125,90.9063720703125,0.00274658203125,0.0054931640625
qp03yk,-5.29266357421875,90.6317138671875,0.00274658203125,0.0054931640625
qp03ys,-5.29266357421875,90.6427001953125,0.00274658203125,0.0054931640625
qp03yu,-5.29266357421875,90.6536865234375,0.00274658203125,0.0054931640625
qp03zh,-5.29266357421875,90.6646728515625,0.00274658203125,0.0054931640625
qp03zs,-5.29266357421875,90.6866455078125,0.00274658203125,0.0054931640625
qp03zu,-5.29266357421875,90.6976318359375,0.00274658203125,0.0054931640625
qp09bh,-5.29266357421875,90.7086181640625,0.00274658203125,0.0054931640625
qp09fh,-5.29266357421875,90.7965087890625,0.00274658203125,0.0054931640625
qp09fs,-5.29266357421875,90.8184814453125,0.00274658203125,0.0054931640625
qp09fu,-5.29266357421875,90.8294677734375,0.00274658203125,0.0054931640625
qp09gh,-5.29266357421875,90.8404541015625,0.00274658203125,0.0054931640625
qp09gk,-5.29266357421875,90.8514404296875,0.00274658203125,0.0054931640625
qp09gs,-5.29266357421875,90.8624267578125,0.00274658203125,0.0054931640625
qp09gu,-5.29266357421875,90.8734130859375,0.00274658203125,0.0054931640625
qp09uk,-5.29266357421875,90.8953857421875,0.00274658203125,0.0054931640625
qp09us,-5.29266357421875,90.9063720703125,0.00274658203125,0.0054931640625
qp09vk,-5.29266357421875,90.9393310546875,0.00274658203125,0.0054931640625
qp09yh,-5.29266357421875,90.9722900390625,0.00274658203125,0.0054931640625
qp03yt,-5.28717041015625,90.6427001953125,0.00274658203125,0.0054931640625
qp03yv,-5.28717041015625,90.6536865234375,0.00274658203125,0.0054931640625
qp03zt,-5.28717041015625,90.6866455078125,0.00274658203125,0.0054931640625
qp03zv,-5.28717041015625,90.6976318359375,0.00274658203125,0.0054931640625
qp09bj,-5.28717041015625,90.7086181640625,0.00274658203125,0.0054931640625
qp09bm,-5.28717041015625,90.7196044921875,0.00274658203125,0.0054931640625
qp09cj,-5.28717041015625,90.7525634765625,0.00274658203125,0.0054931640625
qp09ct,-5.28717041015625,90.7745361328125,0.00274658203125,0.0054931640625
qp09cv,-5.28717041015625,90.7855224609375,0.00274658203125,0.0054931640625
qp09fj,-5.28717041015625,90.7965087890625,0.00274658203125,0.0054931640625
qp09fm,-5.28717041015625,90.8074951171875,0.00274658203125,0.0054931640625
qp09ft,-5.28717041015625,90.8184814453125,0.00274658203125,0.0054931640625
qp09gj,-5.28717041015625,90.8404541015625,0.00274658203125,0.0054931640625
qp09gt,-5.28717041015625,90.8624267578125,0.00274658203125,0.0054931640625
qp09gv,-5.28717041015625,90.8734130859375,0.00274658203125,0.0054931640625
qp09um,-5.28717041015625,90.8953857421875,0.00274658203125,0.0054931640625
qp09ut,-5.28717041015625,90.9063720703125,0.00274658203125,0.0054931640625
qp09uv,-5.28717041015625,90.9173583984375,0.00274658203125,0.0054931640625
qp09vj,-5.28717041015625,90.9283447265625,0.00274658203125,0.0054931640625
qp09vm,-5.28717041015625,90.9393310546875,0.00274658203125,0.0054931640625
qp09vt,-5.28717041015625,90.9503173828125,0.00274658203125,0.0054931640625
qp09yj,-5.28717041015625,90.9722900390625,0.00274658203125,0.0054931640625
qp03yw,-5.28167724609375,90.6427001953125,0.00274658203125,0.0054931640625
qp03yy,-5.28167724609375,90.6536865234375,0.00274658203125,0.0054931640625
qp03zn,-5.28167724609375,90.6646728515625,0.00274658203125,0.0054931640625
qp03zw,-5.28167724609375,90.6866455078125,0.00274658203125,0.0054931640625
qp09bn,-5.28167724609375,90.7086181640625,0.00274658203125,0.0054931640625
qp09bq,-5.28167724609375,90.7196044921875,0.00274658203125,0.0054931640625
qp09bw,-5.28167724609375,90.7305908203125,0.00274658203125,0.0054931640625
qp09cw,-5.28167724609375,90.7745361328125,0.00274658203125,0.0054931640625
qp09cy,-5.28167724609375,90.7855224609375,0.00274658203125,0.0054931640625
qp09fq,-5.28167724609375,90.8074951171875,0.00274658203125,0.0054931640625
qp09gq,-5.28167724609375,90.8514404296875,0.00274658203125,0.0054931640625
qp09gw,-5.28167724609375,90.8624267578125,0.00274658203125,0.0054931640625
qp09gy,-5.28167724609375,90.8734130859375,0.00274658203125,0.0054931640625
qp09un,-5.28167724609375,90.8843994140625,0.00274658203125,0.0054931640625
qp09uq,-5.28167724609375,90.8953857421875,0.00274658203125,0.0054931640625
qp09uw,-5.28167724609375,90.9063720703125,0.00274658203125,0.0054931640625
qp09uy,-5.28167724609375,90.9173583984375,0.00274658203125,0.0054931640625
qp09vq,-5.28167724609375,90.9393310546875,0.00274658203125,0.0054931640625
qp09vy,-5.28167724609375,90.9613037109375,0.00274658203125,0.0054931640625
qp03yx,-5.27618408203125,90.6427001953125,0.00274658203125,0.0054931640625
qp03yz,-5.27618408203125,90.6536865234375,0.00274658203125,0.0054931640625
qp03zp,-5.27618408203125,90.6646728515625,0.00274658203125,0.0054931640625
qp03zr,-5.27618408203125,90.6756591796875,0.00274658203125,0.0054931640625
qp03zz,-5.27618408203125,90.6976318359375,0.00274658203125,0.0054931640625
qp09bp,-5.27618408203125,90.7086181640625,0.00274658203125,0.0054931640625
qp09fx,-5.27618408203125,90.8184814453125,0.00274658203125,0.0054931640625
qp09fz,-5.27618408203125,90.8294677734375,0.00274658203125,0.0054931640625
qp09gp,-5.27618408203125,90.8404541015625,0.00274658203125,0.0054931640625
qp09gx,-5.27618408203125,90.8624267578125,0.00274658203125,0.0054931640625
qp09gz,-5.27618408203125,90.8734130859375,0.00274658203125,0.0054931640625
qp09up,-5.27618408203125,90.8843994140625,0.00274658203125,0.0054931640625
qp09ux,-5.27618408203125,90.9063720703125,0.00274658203125,0.0054931640625
qp09uz,-5.27618408203125,90.9173583984375,0.00274658203125,0.0054931640625
qp09vr,-5.27618408203125,90.9393310546875,0.00274658203125,0.0054931640625
qp06nb,-5.27069091796875,90.6536865234375,0.00274658203125,0.0054931640625
qp06p2,-5.27069091796875,90.6756591796875,0.00274658203125,0.0054931640625
qp06pb,-5.27069091796875,90.6976318359375,0.00274658203125,0.0054931640625
qp0d00,-5.27069091796875,90.7086181640625,0.00274658203125,0.0054931640625
qp0d18,-5.27069091796875,90.7745361328125,0.00274658203125,0.0054931640625
qp0d48,-5.27069091796875,90.8184814453125,0.00274658203125,0.0054931640625
qp0d4b,-5.27069091796875,90.8294677734375,0.00274658203125,0.0054931640625
qp0d50,-5.27069091796875,90.8404541015625,0.00274658203125,0.0054931640625
qp0d5b,-5.27069091796875,90.8734130859375,0.00274658203125,0.0054931640625
qp0dh0,-5.27069091796875,90.8843994140625,0.00274658203125,0.0054931640625
qp0dh2,-5.27069091796875,90.8953857421875,0.00274658203125,0.0054931640625
qp0dh8,-5.27069091796875,90.9063720703125,0.00274658203125,0.0054931640625
qp0dhb,-5.27069091796875,90.9173583984375,0.00274658203125,0.0054931640625
qp0dj0,-5.27069091796875,90.9283447265625,0.00274658203125,0.0054931640625
qp06nc,-5.26519775390625,90.6536865234375,0.00274658203125,0.0054931640625
qp06pc,-5.26519775390625,90.6976318359375,0.00274658203125,0.0054931640625
qp0d01,-5.26519775390625,90.7086181640625,0.00274658203125,0.0054931640625
qp0d4c,-5.26519775390625,90.8294677734375,0.00274658203125,0.0054931640625
qp0d51,-5.26519775390625,90.8404541015625,0.00274658203125,0.0054931640625
qp0d53,-5.26519775390625,90.8514404296875,0.00274658203125,0.0054931640625
qp0dh1,-5.26519775390625,90.8843994140625,0.00274658203125,0.0054931640625
qp0dh9,-5.26519775390625,90.9063720703125,0.00274658203125,0.0054931640625
qp0dj1,-5.26519775390625,90.9283447265625,0.00274658203125,0.0054931640625
qp06nf,-5.25970458984375,90.6536865234375,0.00274658203125,0.0054931640625
qp06p4,-5.25970458984375,90.6646728515625,0.00274658203125,0.0054931640625
qp06pd,-5.25970458984375,90.6866455078125,0.00274658203125,0.0054931640625
qp06pf,-5.25970458984375,90.6976318359375,0.00274658203125,0.0054931640625
qp0d06,-5.25970458984375,90.7196044921875,0.00274658203125,0.0054931640625
qp0d1f,-5.25970458984375,90.7855224609375,0.00274658203125,0.0054931640625
qp0dh6,-5.25970458984375,90.8953857421875,0.00274658203125,0.0054931640625
qp0dhd,-5.25970458984375,90.9063720703125,0.00274658203125,0.0054931640625
qp0dj4,-5.25970458984375,90.9283447265625,0.00274658203125,0.0054931640625
qp06p5,-5.25421142578125,90.6646728515625,0.00274658203125,0.0054931640625
qp06p7,-5.25421142578125,90.6756591796875,0.00274658203125,0.0054931640625
qp06pe,-5.25421142578125,90.6866455078125,0.00274658203125,0.0054931640625
qp0d1e,-5.25421142578125,90.7745361328125,0.00274658203125,0.0054931640625
qp0d4e,-5.25421142578125,90.8184814453125,0.00274658203125,0.0054931640625
qp0d5g,-5.25421142578125,90.8734130859375,0.00274658203125,0.0054931640625
qp0dh5,-5.25421142578125,90.8843994140625,0.00274658203125,0.0054931640625
qp0dh7,-5.25421142578125,90.8953857421875,0.00274658203125,0.0054931640625
qp0dhe,-5.25421142578125,90.9063720703125,0.00274658203125,0.0054931640625
qp0dhg,-5.25421142578125,90.9173583984375,0.00274658203125,0.0054931640625
qp0dj5,-5.25421142578125,90.9283447265625,0.00274658203125,0.0054931640625
qp06ph,-5.24871826171875,90.6646728515625,0.00274658203125,0.0054931640625
qp0d0h,-5.24871826171875,90.7086181640625,0.00274658203125,0.0054931640625
qp0d1h,-5.24871826171875,90.7525634765625,0.00274658203125,0.0054931640625
qp0d4s,-5.24871826171875,90.8184814453125,0.00274658203125,0.0054931640625
qp0d4u,-5.24871826171875,90.8294677734375,0.00274658203125,0.0054931640625
qp0dhs,-5.24871826171875,90.9063720703125,0.00274658203125,0.0054931640625
qp0djh,-5.24871826171875,90.9283447265625,0.00274658203125,0.0054931640625
qp0djk,-5.24871826171875,90.9393310546875,0.00274658203125,0.0054931640625
qp0djs,-5.24871826171875,90.9503173828125,0.00274658203125,0.0054931640625
qp06pv,-5.24322509765625,90.6976318359375,0.00274658203125,0.0054931640625
qp0d0j,-5.24322509765625,90.7086181640625,0.00274658203125,0.0054931640625
qp0d0m,-5.24322509765625,90.7196044921875,0.00274658203125,0.0054931640625
qp0d4t,-5.24322509765625,90.8184814453125,0.00274658203125,0.0054931640625
qp0d5m,-5.24322509765625,90.8514404296875,0.00274658203125,0.0054931640625
qp0dht,-5.24322509765625,90.9063720703125,0.00274658203125,0.0054931640625
qp0djm,-5.24322509765625,90.9393310546875,0.00274658203125,0.0054931640625
qp0dnj,-5.24322509765625,90.9722900390625,0.00274658203125,0.0054931640625
qp06pq,-5.23773193359375,90.6756591796875,0.00274658203125,0.0054931640625
qp06pw,-5.23773193359375,90.6866455078125,0.00274658203125,0.0054931640625
qp06py,-5.23773193359375,90.6976318359375,0.00274658203125,0.0054931640625
qp0d0q,-5.23773193359375,90.7196044921875,0.00274658203125,0.0054931640625
qp0d4n,-5.23773193359375,90.7965087890625,0.00274658203125,0.0054931640625
qp0d4w,-5.23773193359375,90.8184814453125,0.00274658203125,0.0054931640625
qp0dhq,-5.23773193359375,90.8953857421875,0.00274658203125,0.0054931640625
qp0dhw,-5.23773193359375,90.9063720703125,0.00274658203125,0.0054931640625
qp02zd,-5.47943115234375,90.6866455078125,0.00274658203125,0.0054931640625
qp02z5,-5.47393798828125,90.6646728515625,0.00274658203125,0.0054931640625
qp02zg,-5.47393798828125,90.6976318359375,0.00274658203125,0.0054931640625
qp02zj,-5.46295166015625,90.6646728515625,0.00274658203125,0.0054931640625
qp02zv,-5.46295166015625,90.6976318359375,0.00274658203125,0.0054931640625
qp08gv,-5.46295166015625,90.8734130859375,0.00274658203125,0.0054931640625
qp08fy,-5.45745849609375,90.8294677734375,0.00274658203125,0.0054931640625
qp08gn,-5.45745849609375,90.8404541015625,0.00274658203125,0.0054931640625
qp08gw,-5.45745849609375,90.8624267578125,0.00274658203125,0.0054931640625
qp08gx,-5.45196533203125,90.8624267578125,0.00274658203125,0.0054931640625
qp03p8,-5.44647216796875,90.6866455078125,0.00274658203125,0.0054931640625
qp03pb,-5.44647216796875,90.6976318359375,0.00274658203125,0.0054931640625
qp03p9,-5.44097900390625,90.6866455078125,0.00274658203125,0.0054931640625
qp03pc,-5.44097900390625,90.6976318359375,0.00274658203125,0.0054931640625
qp0903,-5.44097900390625,90.7196044921875,0.00274658203125,0.0054931640625
qp0953,-5.44097900390625,90.8514404296875,0.00274658203125,0.0054931640625
qp03nf,-5.43548583984375,90.6536865234375,0.00274658203125,0.0054931640625
qp090d,-5.43548583984375,90.7305908203125,0.00274658203125,0.0054931640625
qp094d,-5.43548583984375,90.8184814453125,0.00274658203125,0.0054931640625
qp091e,-5.42999267578125,90.7745361328125,0.00274658203125,0.0054931640625
qp0947,-5.42999267578125,90.8074951171875,0.00274658203125,0.0054931640625
qp095e,-5.42999267578125,90.8624267578125,0.00274658203125,0.0054931640625
qp090k,-5.42449951171875,90.7196044921875,0.00274658203125,0.0054931640625
qp090s,-5.42449951171875,90.7305908203125,0.00274658203125,0.0054931640625
qp094h,-5.42449951171875,90.7965087890625,0.00274658203125,0.0054931640625
qp095u,-5.42449951171875,90.8734130859375,0.00274658203125,0.0054931640625
qp03pt,-5.41900634765625,90.6866455078125,0.00274658203125,0.0054931640625
qp091v,-5.41900634765625,90.7855224609375,0.00274658203125,0.0054931640625
qp094m,-5.41900634765625,90.8074951171875,0.00274658203125,0.0054931640625
qp09jm,-5.41900634765625,90.9393310546875,0.00274658203125,0.0054931640625
qp03pn,-5.41351318359375,90.6646728515625,0.00274658203125,0.0054931640625
qp094w,-5.41351318359375,90.8184814453125,0.00274658203125,0.0054931640625
qp03jz,-5.40802001953125,90.6097412109375,0.00274658203125,0.0054931640625
qp03nr,-5.40802001953125,90.6317138671875,0.00274658203125,0.0054931640625
qp09jz,-5.40802001953125,90.9613037109375,0.00274658203125,0.0054931640625
qp03m8,-5.40252685546875,90.5987548828125,0.00274658203125,0.0054931640625
qp0968,-5.40252685546875,90.8184814453125,0.00274658203125,0.0054931640625
qp0978,-5.40252685546875,90.8624267578125,0.00274658203125,0.0054931640625
qp09kb,-5.40252685546875,90.9173583984375,0.00274658203125,0.0054931640625
qp03m9,-5.39703369140625,90.5987548828125,0.00274658203125,0.0054931640625
qp03mc,-5.39703369140625,90.6097412109375,0.00274658203125,0.0054931640625
qp03rc,-5.39703369140625,90.6976318359375,0.00274658203125,0.0054931640625
qp0973,-5.39703369140625,90.8514404296875,0.00274658203125,0.0054931640625
qp0979,-5.39703369140625,90.8624267578125,0.00274658203125,0.0054931640625
qp09k7,-5.38604736328125,90.8953857421875,0.00274658203125,0.0054931640625
qp09ks,-5.38055419921875,90.9063720703125,0.00274658203125,0.0054931640625
qp093m,-5.37506103515625,90.7635498046875,0.00274658203125,0.0054931640625
qp03mq,-5.36956787109375,90.5877685546875,0.00274658203125,0.0054931640625
qp09ky,-5.36956787109375,90.9173583984375,0.00274658203125,0.0054931640625
qp09mq,-5.36956787109375,90.9393310546875,0.00274658203125,0.0054931640625
qp03wb,-5.35858154296875,90.6536865234375,0.00274658203125,0.0054931640625
qp03x0,-5.35858154296875,90.6646728515625,0.00274658203125,0.0054931640625
qp09s2,-5.35858154296875,90.8953857421875,0.00274658203125,0.0054931640625
qp03t9,-5.35308837890625,90.5987548828125,0.00274658203125,0.0054931640625
qp098c,-5.35308837890625,90.7415771484375,0.00274658203125,0.0054931640625
qp03tf,-5.34759521484375,90.6097412109375,0.00274658203125,0.0054931640625
qp099f,-5.34759521484375,90.7855224609375,0.00274658203125,0.0054931640625
qp09d4,-5.34759521484375,90.7965087890625,0.00274658203125,0.0054931640625
qp03w7,-5.34210205078125,90.6317138671875,0.00274658203125,0.0054931640625
qp09ee,-5.34210205078125,90.8624267578125,0.00274658203125,0.0054931640625
qp09sg,-5.34210205078125,90.9173583984375,0.00274658203125,0.0054931640625
qp03tu,-5.33660888671875,90.6097412109375,0.00274658203125,0.0054931640625
qp03wh,-5.33660888671875,90.6207275390625,0.00274658203125,0.0054931640625
qp098u,-5.33660888671875,90.7415771484375,0.00274658203125,0.0054931640625
qp099h,-5.33660888671875,90.7525634765625,0.00274658203125,0.0054931640625
qp099u,-5.33660888671875,90.7855224609375,0.00274658203125,0.0054931640625
qp03tt,-5.33111572265625,90.5987548828125,0.00274658203125,0.0054931640625
qp099j,-5.33111572265625,90.7525634765625,0.00274658203125,0.0054931640625
qp09dv,-5.33111572265625,90.8294677734375,0.00274658203125,0.0054931640625
qp09tm,-5.33111572265625,90.9393310546875,0.00274658203125,0.0054931640625
qp099w,-5.32562255859375,90.7745361328125,0.00274658203125,0.0054931640625
qp09ey,-5.32562255859375,90.8734130859375,0.00274658203125,0.0054931640625
qp09sq,-5.32562255859375,90.8953857421875,0.00274658203125,0.0054931640625
qp099r,-5.32012939453125,90.7635498046875,0.00274658203125,0.0054931640625
qp09g0,-5.31463623046875,90.8404541015625,0.00274658203125,0.0054931640625
qp09v2,-5.31463623046875,90.9393310546875,0.00274658203125,0.0054931640625
qp03v9,-5.30914306640625,90.5987548828125,0.00274658203125,0.0054931640625
qp09f3,-5.30914306640625,90.8074951171875,0.00274658203125,0.0054931640625
qp09c7,-5.29815673828125,90.7635498046875,0.00274658203125,0.0054931640625
qp09ge,-5.29815673828125,90.8624267578125,0.00274658203125,0.0054931640625
qp09gg,-5.29815673828125,90.8734130859375,0.00274658203125,0.0054931640625
qp09bk,-5.29266357421875,90.7196044921875,0.00274658203125,0.0054931640625
qp09cu,-5.29266357421875,90.7855224609375,0.00274658203125,0.0054931640625
qp09uj,-5.28717041015625,90.8843994140625,0.00274658203125,0.0054931640625
qp09cq,-5.28167724609375,90.7635498046875,0.00274658203125,0.0054931640625
qp09vn,-5.28167724609375,90.9283447265625,0.00274658203125,0.0054931640625
qp09yn,-5.28167724609375,90.9722900390625,0.00274658203125,0.0054931640625
qp0d52,-5.27069091796875,90.8514404296875,0.00274658203125,0.0054931640625
qp0d58,-5.27069091796875,90.8624267578125,0.00274658203125,0.0054931640625
qp0dj2,-5.27069091796875,90.9393310546875,0.00274658203125,0.0054931640625
qp06p1,-5.26519775390625,90.6646728515625,0.00274658203125,0.0054931640625
qp0d13,-5.26519775390625,90.7635498046875,0.00274658203125,0.0054931640625
qp0dj3,-5.26519775390625,90.9393310546875,0.00274658203125,0.0054931640625
qp06nd,-5.25970458984375,90.6427001953125,0.00274658203125,0.0054931640625
qp06ne,-5.25421142578125,90.6427001953125,0.00274658203125,0.0054931640625
qp0d15,-5.25421142578125,90.7525634765625,0.00274658203125,0.0054931640625
qp0d1g,-5.25421142578125,90.7855224609375,0.00274658203125,0.0054931640625
qp0dj7,-5.25421142578125,90.9393310546875,0.00274658203125,0.0054931640625
qp06pk,-5.24871826171875,90.6756591796875,0.00274658203125,0.0054931640625
qp0dhh,-5.24871826171875,90.8843994140625,0.00274658203125,0.0054931640625
qp06pj,-5.24322509765625,90.6646728515625,0.00274658203125,0.0054931640625
qp0d0n,-5.23773193359375,90.7086181640625,0.00274658203125,0.0054931640625
qp0d0w,-5.23773193359375,90.7305908203125,0.00274658203125,0.0054931640625
qp0d1q,-5.23773193359375,90.7635498046875,0.00274658203125,0.0054931640625
qp02z6,-5.47943115234375,90.6756591796875,0.00274658203125,0.0054931640625
qp08b7,-5.47393798828125,90.7196044921875,0.00274658203125,0.0054931640625
qp02zs,-5.46844482421875,90.6866455078125,0.00274658203125,0.0054931640625
qp08bh,-5.46844482421875,90.7086181640625,0.00274658203125,0.0054931640625
qp0902,-5.44647216796875,90.7196044921875,0.00274658203125,0.0054931640625
qp03p3,-5.44097900390625,90.6756591796875,0.00274658203125,0.0054931640625
qp0906,-5.43548583984375,90.7196044921875,0.00274658203125,0.0054931640625
qp0946,-5.43548583984375,90.8074951171875,0.00274658203125,0.0054931640625
qp03pk,-5.42449951171875,90.6756591796875,0.00274658203125,0.0054931640625
qp090h,-5.42449951171875,90.7086181640625,0.00274658203125,0.0054931640625
qp03pv,-5.41900634765625,90.6976318359375,0.00274658203125,0.0054931640625
qp094t,-5.41900634765625,90.8184814453125,0.00274658203125,0.0054931640625
qp091w,-5.41351318359375,90.7745361328125,0.00274658203125,0.0054931640625
qp09hx,-5.40802001953125,90.9063720703125,0.00274658203125,0.0054931640625
qp03rb,-5.40252685546875,90.6976318359375,0.00274658203125,0.0054931640625
qp0932,-5.40252685546875,90.7635498046875,0.00274658203125,0.0054931640625
qp09k0,-5.40252685546875,90.8843994140625,0.00274658203125,0.0054931640625
qp03md,-5.39154052734375,90.5987548828125,0.00274658203125,0.0054931640625
qp03q4,-5.39154052734375,90.6207275390625,0.00274658203125,0.0054931640625
qp096d,-5.39154052734375,90.8184814453125,0.00274658203125,0.0054931640625
qp03r7,-5.38604736328125,90.6756591796875,0.00274658203125,0.0054931640625
qp03mk,-5.38055419921875,90.5877685546875,0.00274658203125,0.0054931640625
qp096h,-5.38055419921875,90.7965087890625,0.00274658203125,0.0054931640625
qp09ku,-5.38055419921875,90.9173583984375,0.00274658203125,0.0054931640625
qp03qn,-5.36956787109375,90.6207275390625,0.00274658203125,0.0054931640625
qp093q,-5.36956787109375,90.7635498046875,0.00274658203125,0.0054931640625
qp097x,-5.36407470703125,90.8624267578125,0.00274658203125,0.0054931640625
qp0980,-5.35858154296875,90.7086181640625,0.00274658203125,0.0054931640625
qp0990,-5.35858154296875,90.7525634765625,0.00274658203125,0.0054931640625
qp0989,-5.35308837890625,90.7305908203125,0.00274658203125,0.0054931640625
qp03t6,-5.34759521484375,90.5877685546875,0.00274658203125,0.0054931640625
qp098f,-5.34759521484375,90.7415771484375,0.00274658203125,0.0054931640625
qp03tm,-5.33111572265625,90.5877685546875,0.00274658203125,0.0054931640625
qp099n,-5.32562255859375,90.7525634765625,0.00274658203125,0.0054931640625
qp09en,-5.32562255859375,90.8404541015625,0.00274658203125,0.0054931640625
qp03tr,-5.32012939453125,90.5877685546875,0.00274658203125,0.0054931640625
qp03tz,-5.32012939453125,90.6097412109375,0.00274658203125,0.0054931640625
qp09tx,-5.32012939453125,90.9503173828125,0.00274658203125,0.0054931640625
qp03vb,-5.31463623046875,90.6097412109375,0.00274658203125,0.0054931640625
qp09c8,-5.31463623046875,90.7745361328125,0.00274658203125,0.0054931640625
qp09fb,-5.31463623046875,90.8294677734375,0.00274658203125,0.0054931640625
qp09ub,-5.31463623046875,90.9173583984375,0.00274658203125,0.0054931640625
qp03z1,-5.30914306640625,90.6646728515625,0.00274658203125,0.0054931640625
qp09gc,-5.30914306640625,90.8734130859375,0.00274658203125,0.0054931640625
qp09u3,-5.30914306640625,90.8953857421875,0.00274658203125,0.0054931640625
qp09uc,-5.30914306640625,90.9173583984375,0.00274658203125,0.0054931640625
qp09v3,-5.30914306640625,90.9393310546875,0.00274658203125,0.0054931640625
qp09cd,-5.30364990234375,90.7745361328125,0.00274658203125,0.0054931640625
qp09u6,-5.30364990234375,90.8953857421875,0.00274658203125,0.0054931640625
qp09v6,-5.30364990234375,90.9393310546875,0.00274658203125,0.0054931640625
qp09u7,-5.29815673828125,90.8953857421875,0.00274658203125,0.0054931640625
qp03zk,-5.29266357421875,90.6756591796875,0.00274658203125,0.0054931640625
qp09fk,-5.29266357421875,90.8074951171875,0.00274658203125,0.0054931640625
qp09uu,-5.29266357421875,90.9173583984375,0.00274658203125,0.0054931640625
qp03ym,-5.28717041015625,90.6317138671875,0.00274658203125,0.0054931640625
qp09bt,-5.28717041015625,90.7305908203125,0.00274658203125,0.0054931640625
qp09cm,-5.28717041015625,90.7635498046875,0.00274658203125,0.0054931640625
qp09vv,-5.28717041015625,90.9613037109375,0.00274658203125,0.0054931640625
qp09fw,-5.28167724609375,90.8184814453125,0.00274658203125,0.0054931640625
qp09br,-5.27618408203125,90.7196044921875,0.00274658203125,0.0054931640625
qp09fr,-5.27618408203125,90.8074951171875,0.00274658203125,0.0054931640625
qp06n8,-5.27069091796875,90.6427001953125,0.00274658203125,0.0054931640625
qp0d10,-5.27069091796875,90.7525634765625,0.00274658203125,0.0054931640625
qp0d49,-5.26519775390625,90.8184814453125,0.00274658203125,0.0054931640625
qp06p6,-5.25970458984375,90.6756591796875,0.00274658203125,0.0054931640625
qp0dh4,-5.25970458984375,90.8843994140625,0.00274658203125,0.0054931640625
qp06pu,-5.24871826171875,90.6976318359375,0.00274658203125,0.0054931640625
qp0dhk,-5.24871826171875,90.8953857421875,0.00274658203125,0.0054931640625
qp06nv,-5.24322509765625,90.6536865234375,0.00274658203125,0.0054931640625
qp06pm,-5.24322509765625,90.6756591796875,0.00274658203125,0.0054931640625
qp0d4v,-5.24322509765625,90.8294677734375,0.00274658203125,0.0054931640625
qp0djt,-5.24322509765625,90.9503173828125,0.00274658203125,0.0054931640625
qp0d1n,-5.23773193359375,90.7525634765625,0.00274658203125,0.0054931640625
qp0d4q,-5.23773193359375,90.8074951171875,0.00274658203125,0.0054931640625
qp08b4,-5.47943115234375,90.7086181640625,0.00274658203125,0.0054931640625
qp02ze,-5.47393798828125,90.6866455078125,0.00274658203125,0.0054931640625
qp02zh,-5.46844482421875,90.6646728515625,0.00274658203125,0.0054931640625
qp08bk,-5.46844482421875,90.7196044921875,0.00274658203125,0.0054931640625
qp02zm,-5.46295166015625,90.6756591796875,0.00274658203125,0.0054931640625
qp08bm,-5.46295166015625,90.7196044921875,0.00274658203125,0.0054931640625
qp08cm,-5.46295166015625,90.7635498046875,0.00274658203125,0.0054931640625
qp08gm,-5.46295166015625,90.8514404296875,0.00274658203125,0.0054931640625
qp0901,-5.44097900390625,90.7086181640625,0.00274658203125,0.0054931640625
qp0904,-5.43548583984375,90.7086181640625,0.00274658203125,0.0054931640625
qp094g,-5.42999267578125,90.8294677734375,0.00274658203125,0.0054931640625
qp091u,-5.42449951171875,90.7855224609375,0.00274658203125,0.0054931640625
qp095t,-5.41900634765625,90.8624267578125,0.00274658203125,0.0054931640625
qp0960,-5.40252685546875,90.7965087890625,0.00274658203125,0.0054931640625
qp09k8,-5.40252685546875,90.9063720703125,0.00274658203125,0.0054931640625
qp0933,-5.39703369140625,90.7635498046875,0.00274658203125,0.0054931640625
qp093e,-5.38604736328125,90.7745361328125,0.00274658203125,0.0054931640625
qp09me,-5.38604736328125,90.9503173828125,0.00274658203125,0.0054931640625
qp097q,-5.36956787109375,90.8514404296875,0.00274658203125,0.0054931640625
qp03t7,-5.34210205078125,90.5877685546875,0.00274658203125,0.0054931640625
qp098g,-5.34210205078125,90.7415771484375,0.00274658203125,0.0054931640625
qp09et,-5.33111572265625,90.8624267578125,0.00274658203125,0.0054931640625
qp09u2,-5.31463623046875,90.8953857421875,0.00274658203125,0.0054931640625
qp03z5,-5.29815673828125,90.6646728515625,0.00274658203125,0.0054931640625
qp09f5,-5.29815673828125,90.7965087890625,0.00274658203125,0.0054931640625
qp09u5,-5.29815673828125,90.8843994140625,0.00274658203125,0.0054931640625
qp09vg,-5.29815673828125,90.9613037109375,0.00274658203125,0.0054931640625
qp03zm,-5.28717041015625,90.6756591796875,0.00274658203125,0.0054931640625
qp09bv,-5.28717041015625,90.7415771484375,0.00274658203125,0.0054931640625
qp09gm,-5.28717041015625,90.8514404296875,0.00274658203125,0.0054931640625
qp09fy,-5.28167724609375,90.8294677734375,0.00274658203125,0.0054931640625
qp09gr,-5.27618408203125,90.8514404296875,0.00274658203125,0.0054931640625
qp09ur,-5.27618408203125,90.8953857421875,0.00274658203125,0.0054931640625
qp06p8,-5.27069091796875,90.6866455078125,0.00274658203125,0.0054931640625
qp0dn0,-5.27069091796875,90.9722900390625,0.00274658203125,0.0054931640625
qp06p3,-5.26519775390625,90.6756591796875,0.00274658203125,0.0054931640625
qp06p9,-5.26519775390625,90.6866455078125,0.00274658203125,0.0054931640625
qp0d03,-5.26519775390625,90.7196044921875,0.00274658203125,0.0054931640625
qp0d1d,-5.25970458984375,90.7745361328125,0.00274658203125,0.0054931640625
qp0d54,-5.25970458984375,90.8404541015625,0.00274658203125,0.0054931640625
qp06ps,-5.24871826171875,90.6866455078125,0.00274658203125,0.0054931640625
qp06pt,-5.24322509765625,90.6866455078125,0.00274658203125,0.0054931640625
qp0d4y,-5.23773193359375,90.8294677734375,0.00274658203125,0.0054931640625
qp02yc,-5.48492431640625,90.6536865234375,0.00274658203125,0.0054931640625
qp02z3,-5.48492431640625,90.6756591796875,0.00274658203125,0.0054931640625
qp02z9,-5.48492431640625,90.6866455078125,0.00274658203125,0.0054931640625
qp02zf,-5.47943115234375,90.6976318359375,0.00274658203125,0.0054931640625
qp08b6,-5.47943115234375,90.7196044921875,0.00274658203125,0.0054931640625
qp02zk,-5.46844482421875,90.6756591796875,0.00274658203125,0.0054931640625
qp08fv,-5.46295166015625,90.8294677734375,0.00274658203125,0.0054931640625
qp02zn,-5.45745849609375,90.6646728515625,0.00274658203125,0.0054931640625
qp03nb,-5.44647216796875,90.6536865234375,0.00274658203125,0.0054931640625
qp0948,-5.44647216796875,90.8184814453125,0.00274658203125,0.0054931640625
qp0941,-5.44097900390625,90.7965087890625,0.00274658203125,0.0054931640625
qp03nd,-5.43548583984375,90.6427001953125,0.00274658203125,0.0054931640625
qp03p4,-5.43548583984375,90.6646728515625,0.00274658203125,0.0054931640625
qp03pd,-5.43548583984375,90.6866455078125,0.00274658203125,0.0054931640625
qp095d,-5.43548583984375,90.8624267578125,0.00274658203125,0.0054931640625
qp09h4,-5.43548583984375,90.8843994140625,0.00274658203125,0.0054931640625
qp0905,-5.42999267578125,90.7086181640625,0.00274658203125,0.0054931640625
qp09h7,-5.42999267578125,90.8953857421875,0.00274658203125,0.0054931640625
qp090j,-5.41900634765625,90.7086181640625,0.00274658203125,0.0054931640625
qp094v,-5.41900634765625,90.8294677734375,0.00274658203125,0.0054931640625
qp095p,-5.40802001953125,90.8404541015625,0.00274658203125,0.0054931640625
qp09m1,-5.39703369140625,90.9283447265625,0.00274658203125,0.0054931640625
qp093f,-5.39154052734375,90.7855224609375,0.00274658203125,0.0054931640625
qp09kf,-5.39154052734375,90.9173583984375,0.00274658203125,0.0054931640625
qp093s,-5.38055419921875,90.7745361328125,0.00274658203125,0.0054931640625
qp09ms,-5.38055419921875,90.9503173828125,0.00274658203125,0.0054931640625
qp03mm,-5.37506103515625,90.5877685546875,0.00274658203125,0.0054931640625
qp09kq,-5.36956787109375,90.8953857421875,0.00274658203125,0.0054931640625
qp03mx,-5.36407470703125,90.5987548828125,0.00274658203125,0.0054931640625
qp09d1,-5.35308837890625,90.7965087890625,0.00274658203125,0.0054931640625
qp09sv,-5.33111572265625,90.9173583984375,0.00274658203125,0.0054931640625
qp09tt,-5.33111572265625,90.9503173828125,0.00274658203125,0.0054931640625
qp09f0,-5.31463623046875,90.7965087890625,0.00274658203125,0.0054931640625
qp03y3,-5.30914306640625,90.6317138671875,0.00274658203125,0.0054931640625
qp09fe,-5.29815673828125,90.8184814453125,0.00274658203125,0.0054931640625
qp09ug,-5.29815673828125,90.9173583984375,0.00274658203125,0.0054931640625
qp03yq,-5.28167724609375,90.6317138671875,0.00274658203125,0.0054931640625
qp09cx,-5.27618408203125,90.7745361328125,0.00274658203125,0.0054931640625
qp09vp,-5.27618408203125,90.9283447265625,0.00274658203125,0.0054931640625
qp0d0f,-5.25970458984375,90.7415771484375,0.00274658203125,0.0054931640625
qp0d14,-5.25970458984375,90.7525634765625,0.00274658203125,0.0054931640625
qp0djf,-5.25970458984375,90.9613037109375,0.00274658203125,0.0054931640625
qp06pg,-5.25421142578125,90.6976318359375,0.00274658203125,0.0054931640625
qp0d1v,-5.24322509765625,90.7855224609375,0.00274658203125,0.0054931640625
qp0djj,-5.24322509765625,90.9283447265625,0.00274658203125,0.0054931640625
qp06pn,-5.23773193359375,90.6646728515625,0.00274658203125,0.0054931640625
qp0d1y,-5.23773193359375,90.7855224609375,0.00274658203125,0.0054931640625
qp08gk,-5.46844482421875,90.8514404296875,0.00274658203125,0.0054931640625
qp08uj,-5.46295166015625,90.8843994140625,0.00274658203125,0.0054931640625
qp08bq,-5.45745849609375,90.7196044921875,0.00274658203125,0.0054931640625
qp08cn,-5.45745849609375,90.7525634765625,0.00274658203125,0.0054931640625
qp08fw,-5.45745849609375,90.8184814453125,0.00274658203125,0.0054931640625
qp08un,-5.45745849609375,90.8843994140625,0.00274658203125,0.0054931640625
qp08fx,-5.45196533203125,90.8184814453125,0.00274658203125,0.0054931640625
qp0908,-5.44647216796875,90.7305908203125,0.00274658203125,0.0054931640625
qp09h0,-5.44647216796875,90.8843994140625,0.00274658203125,0.0054931640625
qp095g,-5.42999267578125,90.8734130859375,0.00274658203125,0.0054931640625
qp091s,-5.42449951171875,90.7745361328125,0.00274658203125,0.0054931640625
qp09hw,-5.41351318359375,90.9063720703125,0.00274658203125,0.0054931640625
qp09k6,-5.39154052734375,90.8953857421875,0.00274658203125,0.0054931640625
qp03qt,-5.37506103515625,90.6427001953125,0.00274658203125,0.0054931640625
qp093t,-5.37506103515625,90.7745361328125,0.00274658203125,0.0054931640625
qp09mm,-5.37506103515625,90.9393310546875,0.00274658203125,0.0054931640625
qp03w2,-5.35858154296875,90.6317138671875,0.00274658203125,0.0054931640625
qp09e4,-5.34759521484375,90.8404541015625,0.00274658203125,0.0054931640625
qp03tq,-5.32562255859375,90.5877685546875,0.00274658203125,0.0054931640625
qp09f8,-5.31463623046875,90.8184814453125,0.00274658203125,0.0054931640625
qp03y1,-5.30914306640625,90.6207275390625,0.00274658203125,0.0054931640625
qp09g3,-5.30914306640625,90.8514404296875,0.00274658203125,0.0054931640625
qp09c6,-5.30364990234375,90.7635498046875,0.00274658203125,0.0054931640625
qp09u4,-5.30364990234375,90.8843994140625,0.00274658203125,0.0054931640625
qp09v7,-5.29815673828125,90.9393310546875,0.00274658203125,0.0054931640625
qp09fv,-5.28717041015625,90.8294677734375,0.00274658203125,0.0054931640625
qp03zq,-5.28167724609375,90.6756591796875,0.00274658203125,0.0054931640625
qp09cr,-5.27618408203125,90.7635498046875,0.00274658203125,0.0054931640625
qp06p0,-5.27069091796875,90.6646728515625,0.00274658203125,0.0054931640625
qp0d12,-5.27069091796875,90.7635498046875,0.00274658203125,0.0054931640625
qp06n9,-5.26519775390625,90.6427001953125,0.00274658203125,0.0054931640625
qp0d0c,-5.26519775390625,90.7415771484375,0.00274658203125,0.0054931640625
qp0d19,-5.26519775390625,90.7745361328125,0.00274658203125,0.0054931640625
qp06ng,-5.25421142578125,90.6536865234375,0.00274658203125,0.0054931640625
qp0d0k,-5.24871826171875,90.7196044921875,0.00274658203125,0.0054931640625
qp0d1m,-5.24322509765625,90.7635498046875,0.00274658203125,0.0054931640625
qp0d1w,-5.23773193359375,90.7745361328125,0.00274658203125,0.0054931640625
qp08gj,-5.46295166015625,90.8404541015625,0.00274658203125,0.0054931640625
qp091k,-5.42449951171875,90.7635498046875,0.00274658203125,0.0054931640625
qp094s,-5.42449951171875,90.8184814453125,0.00274658203125,0.0054931640625
qp0930,-5.40252685546875,90.7525634765625,0.00274658203125,0.0054931640625
qp0934,-5.39154052734375,90.7525634765625,0.00274658203125,0.0054931640625
qp096e,-5.38604736328125,90.8184814453125,0.00274658203125,0.0054931640625
qp03qk,-5.38055419921875,90.6317138671875,0.00274658203125,0.0054931640625
qp093j,-5.37506103515625,90.7525634765625,0.00274658203125,0.0054931640625
qp09kj,-5.37506103515625,90.8843994140625,0.00274658203125,0.0054931640625
qp09qn,-5.36956787109375,90.9722900390625,0.00274658203125,0.0054931640625
qp09t9,-5.35308837890625,90.9503173828125,0.00274658203125,0.0054931640625
qp09cb,-5.31463623046875,90.7855224609375,0.00274658203125,0.0054931640625
qp03z6,-5.30364990234375,90.6756591796875,0.00274658203125,0.0054931640625
qp09f4,-5.30364990234375,90.7965087890625,0.00274658203125,0.0054931640625
qp09cs,-5.29266357421875,90.7745361328125,0.00274658203125,0.0054931640625
qp09gn,-5.28167724609375,90.8404541015625,0.00274658203125,0.0054931640625
qp09bz,-5.27618408203125,90.7415771484375,0.00274658203125,0.0054931640625
qp09yp,-5.27618408203125,90.9722900390625,0.00274658203125,0.0054931640625
qp0d1c,-5.26519775390625,90.7855224609375,0.00274658203125,0.0054931640625
qp0dh3,-5.26519775390625,90.8953857421875,0.00274658203125,0.0054931640625
qp0djc,-5.26519775390625,90.9613037109375,0.00274658203125,0.0054931640625
qp0dju,-5.24871826171875,90.9613037109375,0.00274658203125,0.0054931640625
qp0djq,-5.23773193359375,90.9393310546875,0.00274658203125,0.0054931640625
qp0djw,-5.23773193359375,90.9503173828125,0.00274658203125,0.0054931640625
qp02zc,-5.48492431640625,90.6976318359375,0.00274658203125,0.0054931640625
qp08b5,-5.47393798828125,90.7086181640625,0.00274658203125,0.0054931640625
qp02zu,-5.46844482421875,90.6976318359375,0.00274658203125,0.0054931640625
qp09jb,-5.44647216796875,90.9613037109375,0.00274658203125,0.0054931640625
qp0909,-5.44097900390625,90.7305908203125,0.00274658203125,0.0054931640625
qp09hk,-5.42449951171875,90.8953857421875,0.00274658203125,0.0054931640625
qp03pm,-5.41900634765625,90.6756591796875,0.00274658203125,0.0054931640625
qp09hz,-5.40802001953125,90.9173583984375,0.00274658203125,0.0054931640625
qp09np,-5.40802001953125,90.9722900390625,0.00274658203125,0.0054931640625
qp09mb,-5.40252685546875,90.9613037109375,0.00274658203125,0.0054931640625
qp09m9,-5.39703369140625,90.9503173828125,0.00274658203125,0.0054931640625
qp0936,-5.39154052734375,90.7635498046875,0.00274658203125,0.0054931640625
qp093n,-5.36956787109375,90.7525634765625,0.00274658203125,0.0054931640625
qp03mr,-5.36407470703125,90.5877685546875,0.00274658203125,0.0054931640625
qp09dt,-5.33111572265625,90.8184814453125,0.00274658203125,0.0054931640625
qp09cn,-5.28167724609375,90.7525634765625,0.00274658203125,0.0054931640625
qp0d5f,-5.25970458984375,90.8734130859375,0.00274658203125,0.0054931640625
qp0dj6,-5.25970458984375,90.9393310546875,0.00274658203125,0.0054931640625
qp0d05,-5.25421142578125,90.7086181640625,0.00274658203125,0.0054931640625
qp0d4g,-5.25421142578125,90.8294677734375,0.00274658203125,0.0054931640625
qp0d0y,-5.23773193359375,90.7415771484375,0.00274658203125,0.0054931640625
qp08bd,-5.47943115234375,90.7305908203125,0.00274658203125,0.0054931640625
qp08c5,-5.47393798828125,90.7525634765625,0.00274658203125,0.0054931640625
qp08g5,-5.47393798828125,90.8404541015625,0.00274658203125,0.0054931640625
qp02yz,-5.45196533203125,90.6536865234375,0.00274658203125,0.0054931640625
qp08bp,-5.45196533203125,90.7086181640625,0.00274658203125,0.0054931640625
qp03pg,-5.42999267578125,90.6976318359375,0.00274658203125,0.0054931640625
qp094e,-5.42999267578125,90.8184814453125,0.00274658203125,0.0054931640625
qp09je,-5.42999267578125,90.9503173828125,0.00274658203125,0.0054931640625
qp09jt,-5.41900634765625,90.9503173828125,0.00274658203125,0.0054931640625
qp09jn,-5.41351318359375,90.9283447265625,0.00274658203125,0.0054931640625
qp093z,-5.36407470703125,90.7855224609375,0.00274658203125,0.0054931640625
qp09fc,-5.30914306640625,90.8294677734375,0.00274658203125,0.0054931640625
qp06nt,-5.24322509765625,90.6427001953125,0.00274658203125,0.0054931640625
qp0d5j,-5.24322509765625,90.8404541015625,0.00274658203125,0.0054931640625
qp06ny,-5.23773193359375,90.6536865234375,0.00274658203125,0.0054931640625
qp08be,-5.47393798828125,90.7305908203125,0.00274658203125,0.0054931640625
qp08bu,-5.46844482421875,90.7415771484375,0.00274658203125,0.0054931640625
qp08ck,-5.46844482421875,90.7635498046875,0.00274658203125,0.0054931640625
qp08bv,-5.46295166015625,90.7415771484375,0.00274658203125,0.0054931640625
qp08cj,-5.46295166015625,90.7525634765625,0.00274658203125,0.0054931640625
qp08bn,-5.45745849609375,90.7086181640625,0.00274658203125,0.0054931640625
qp08bw,-5.45745849609375,90.7305908203125,0.00274658203125,0.0054931640625
qp090y,-5.41351318359375,90.7415771484375,0.00274658203125,0.0054931640625
qp03np,-5.40802001953125,90.6207275390625,0.00274658203125,0.0054931640625
qp09jx,-5.40802001953125,90.9503173828125,0.00274658203125,0.0054931640625
qp09mc,-5.39703369140625,90.9613037109375,0.00274658203125,0.0054931640625
qp09qp,-5.36407470703125,90.9722900390625,0.00274658203125,0.0054931640625
qp09v8,-5.31463623046875,90.9503173828125,0.00274658203125,0.0054931640625
qp09ch,-5.29266357421875,90.7525634765625,0.00274658203125,0.0054931640625
qp09uh,-5.29266357421875,90.8843994140625,0.00274658203125,0.0054931640625
qp03zj,-5.28717041015625,90.6646728515625,0.00274658203125,0.0054931640625
qp09bx,-5.27618408203125,90.7305908203125,0.00274658203125,0.0054931640625
qp0d04,-5.25970458984375,90.7086181640625,0.00274658203125,0.0054931640625
qp0d5e,-5.25421142578125,90.8624267578125,0.00274658203125,0.0054931640625
qp0d0t,-5.24322509765625,90.7305908203125,0.00274658203125,0.0054931640625
qp08bg,-5.47393798828125,90.7415771484375,0.00274658203125,0.0054931640625
qp08bs,-5.46844482421875,90.7305908203125,0.00274658203125,0.0054931640625
qp09jj,-5.41900634765625,90.9283447265625,0.00274658203125,0.0054931640625
qp091r,-5.40802001953125,90.7635498046875,0.00274658203125,0.0054931640625
qp093d,-5.39154052734375,90.7745361328125,0.00274658203125,0.0054931640625
qp09md,-5.39154052734375,90.9503173828125,0.00274658203125,0.0054931640625
qp03qr,-5.36407470703125,90.6317138671875,0.00274658203125,0.0054931640625
qp03qx,-5.36407470703125,90.6427001953125,0.00274658203125,0.0054931640625
qp09eu,-5.33660888671875,90.8734130859375,0.00274658203125,0.0054931640625
qp09f2,-5.31463623046875,90.8074951171875,0.00274658203125,0.0054931640625
qp09u9,-5.30914306640625,90.9063720703125,0.00274658203125,0.0054931640625
qp03y4,-5.30364990234375,90.6207275390625,0.00274658203125,0.0054931640625
qp0d1b,-5.27069091796875,90.7855224609375,0.00274658203125,0.0054931640625
qp0d0v,-5.24322509765625,90.7415771484375,0.00274658203125,0.0054931640625
qp09qj,-5.37506103515625,90.9722900390625,0.00274658203125,0.0054931640625
qp09vf,-5.30364990234375,90.9613037109375,0.00274658203125,0.0054931640625
qp0d02,-5.27069091796875,90.7196044921875,0.00274658203125,0.0054931640625
qp06nu,-5.24871826171875,90.6536865234375,0.00274658203125,0.0054931640625
qp0dnh,-5.24871826171875,90.9722900390625,0.00274658203125,0.0054931640625
qp0dhy,-5.23773193359375,90.9173583984375,0.00274658203125,0.0054931640625
qp08bt,-5.46295166015625,90.7305908203125,0.00274658203125,0.0054931640625
qp0954,-5.43548583984375,90.8404541015625,0.00274658203125,0.0054931640625
qp091m,-5.41900634765625,90.7635498046875,0.00274658203125,0.0054931640625
qp09e1,-5.35308837890625,90.8404541015625,0.00274658203125,0.0054931640625
qp09t1,-5.35308837890625,90.9283447265625,0.00274658203125,0.0054931640625
qp09y5,-5.29815673828125,90.9722900390625,0.00274658203125,0.0054931640625
qp03yr,-5.27618408203125,90.6317138671875,0.00274658203125,0.0054931640625
qp0dhc,-5.26519775390625,90.9173583984375,0.00274658203125,0.0054931640625
qp0d1k,-5.24871826171875,90.7635498046875,0.00274658203125,0.0054931640625
qp0d4h,-5.24871826171875,90.7965087890625,0.00274658203125,0.0054931640625
qp0d5h,-5.24871826171875,90.8404541015625,0.00274658203125,0.0054931640625
qp02z4,-5.47943115234375,90.6646728515625,0.00274658203125,0.0054931640625
qp09js,-5.42449951171875,90.9503173828125,0.00274658203125,0.0054931640625
qp09jr,-5.40802001953125,90.9393310546875,0.00274658203125,0.0054931640625
qp09mu,-5.38055419921875,90.9613037109375,0.00274658203125,0.0054931640625
qp06ns,-5.24871826171875,90.6427001953125,0.00274658203125,0.0054931640625
qp0dhv,-5.24322509765625,90.9173583984375,0.00274658203125,0.0054931640625
qp09h6,-5.43548583984375,90.8953857421875,0.00274658203125,0.0054931640625
qp09ju,-5.42449951171875,90.9613037109375,0.00274658203125,0.0054931640625
qp090v,-5.41900634765625,90.7415771484375,0.00274658203125,0.0054931640625
qp0937,-5.38604736328125,90.7635498046875,0.00274658203125,0.0054931640625
qp093k,-5.38055419921875,90.7635498046875,0.00274658203125,0.0054931640625
qp03v2,-5.31463623046875,90.5877685546875,0.00274658203125,0.0054931640625
qp09cp,-5.27618408203125,90.7525634765625,0.00274658203125,0.0054931640625
qp0djd,-5.25970458984375,90.9503173828125,0.00274658203125,0.0054931640625
qp0d07,-5.25421142578125,90.7196044921875,0.00274658203125,0.0054931640625
qp0dn5,-5.25421142578125,90.9722900390625,0.00274658203125,0.0054931640625
qp0d0u,-5.24871826171875,90.7415771484375,0.00274658203125,0.0054931640625
qp02z7,-5.47393798828125,90.6756591796875,0.00274658203125,0.0054931640625
qp08fr,-5.45196533203125,90.8074951171875,0.00274658203125,0.0054931640625
qp03p1,-5.44097900390625,90.6646728515625,0.00274658203125,0.0054931640625
qp09n4,-5.43548583984375,90.9722900390625,0.00274658203125,0.0054931640625
qp03qw,-5.36956787109375,90.6427001953125,0.00274658203125,0.0054931640625
qp09e0,-5.35858154296875,90.8404541015625,0.00274658203125,0.0054931640625
qp0dhf,-5.25970458984375,90.9173583984375,0.00274658203125,0.0054931640625
qp0djg,-5.25421142578125,90.9613037109375,0.00274658203125,0.0054931640625
qp0djy,-5.23773193359375,90.9613037109375,0.00274658203125,0.0054931640625
qp095f,-5.43548583984375,90.8734130859375,0.00274658203125,0.0054931640625
qp09jd,-5.43548583984375,90.9503173828125,0.00274658203125,0.0054931640625
qp09m8,-5.40252685546875,90.9503173828125,0.00274658203125,0.0054931640625
qp096k,-5.38055419921875,90.8074951171875,0.00274658203125,0.0054931640625
qp09dw,-5.32562255859375,90.8184814453125,0.00274658203125,0.0054931640625
qp0d1u,-5.24871826171875,90.7855224609375,0.00274658203125,0.0054931640625
qp02yy,-5.45745849609375,90.6536865234375,0.00274658203125,0.0054931640625
qp091g,-5.42999267578125,90.7855224609375,0.00274658203125,0.0054931640625
qp09j7,-5.42999267578125,90.9393310546875,0.00274658203125,0.0054931640625
qp09ef,-5.34759521484375,90.8734130859375,0.00274658203125,0.0054931640625
qp09ts,-5.33660888671875,90.9503173828125,0.00274658203125,0.0054931640625
qp09gd,-5.30364990234375,90.8624267578125,0.00274658203125,0.0054931640625
qp09vx,-5.27618408203125,90.9503173828125,0.00274658203125,0.0054931640625
qp09vz,-5.27618408203125,90.9613037109375,0.00274658203125,0.0054931640625
qp0d1j,-5.24322509765625,90.7525634765625,0.00274658203125,0.0054931640625
qp03p5,-5.42999267578125,90.6646728515625,0.00274658203125,0.0054931640625
qp03nn,-5.41351318359375,90.6207275390625,0.00274658203125,0.0054931640625
qp0d57,-5.25421142578125,90.8514404296875,0.00274658203125,0.0054931640625
qp0djn,-5.23773193359375,90.9283447265625,0.00274658203125,0.0054931640625
qp0dnn,-5.23773193359375,90.9722900390625,0.00274658203125,0.0054931640625
qp09kd,-5.39154052734375,90.9063720703125,0.00274658203125,0.0054931640625
qp09k5,-5.38604736328125,90.8843994140625,0.00274658203125,0.0054931640625
qp03qp,-5.36407470703125,90.6207275390625,0.00274658203125,0.0054931640625
qp09ck,-5.29266357421875,90.7635498046875,0.00274658203125,0.0054931640625
qp0d16,-5.25970458984375,90.7635498046875,0.00274658203125,0.0054931640625
qp0d4f,-5.25970458984375,90.8294677734375,0.00274658203125,0.0054931640625
qp09jf,-5.43548583984375,90.9613037109375,0.00274658203125,0.0054931640625
qp091x,-5.40802001953125,90.7745361328125,0.00274658203125,0.0054931640625
qp09q0,-5.40252685546875,90.9722900390625,0.00274658203125,0.0054931640625
qp09q5,-5.38604736328125,90.9722900390625,0.00274658203125,0.0054931640625
qp0d59,-5.26519775390625,90.8624267578125,0.00274658203125,0.0054931640625
qp094f,-5.43548583984375,90.8294677734375,0.00274658203125,0.0054931640625
qp097p,-5.36407470703125,90.8404541015625,0.00274658203125,0.0054931640625
qp03vd,-5.30364990234375,90.5987548828125,0.00274658203125,0.0054931640625
qp0dj8,-5.27069091796875,90.9503173828125,0.00274658203125,0.0054931640625
qp08gh,-5.46844482421875,90.8404541015625,0.00274658203125,0.0054931640625
qp08gs,-5.46844482421875,90.8624267578125,0.00274658203125,0.0054931640625
qp095h,-5.42449951171875,90.8404541015625,0.00274658203125,0.0054931640625
qp09m3,-5.39703369140625,90.9393310546875,0.00274658203125,0.0054931640625
qp0d1t,-5.24322509765625,90.7745361328125,0.00274658203125,0.0054931640625
qp08fq,-5.45745849609375,90.8074951171875,0.00274658203125,0.0054931640625
qp099p,-5.32012939453125,90.7525634765625,0.00274658203125,0.0054931640625
qp09vc,-5.30914306640625,90.9613037109375,0.00274658203125,0.0054931640625
qp0d11,-5.26519775390625,90.7525634765625,0.00274658203125,0.0054931640625
qp09jc,-5.44097900390625,90.9613037109375,0.00274658203125,0.0054931640625
qp09jg,-5.42999267578125,90.9613037109375,0.00274658203125,0.0054931640625
qp09w0,-5.35858154296875,90.9722900390625,0.00274658203125,0.0054931640625
qp08b1,-5.48492431640625,90.7086181640625,0.00274658203125,0.0054931640625
qp03pu,-5.42449951171875,90.6976318359375,0.00274658203125,0.0054931640625
qp09q4,-5.39154052734375,90.9722900390625,0.00274658203125,0.0054931640625
qp08fp,-5.45196533203125,90.7965087890625,0.00274658203125,0.0054931640625
qp08up,-5.45196533203125,90.8843994140625,0.00274658203125,0.0054931640625
qp09he,-5.42999267578125,90.9063720703125,0.00274658203125,0.0054931640625
qp09q1,-5.39703369140625,90.9722900390625,0.00274658203125,0.0054931640625
qp09c2,-5.31463623046875,90.7635498046875,0.00274658203125,0.0054931640625
qp0dj9,-5.26519775390625,90.9503173828125,0.00274658203125,0.0054931640625
qp08cy,-5.45745849609375,90.7855224609375,0.00274658203125,0.0054931640625
qp0917,-5.42999267578125,90.7635498046875,0.00274658203125,0.0054931640625
qp0d56,-5.25970458984375,90.8514404296875,0.00274658203125,0.0054931640625
qp09s1,-5.35308837890625,90.8843994140625,0.00274658203125,0.0054931640625
qp0djb,-5.27069091796875,90.9613037109375,0.00274658203125,0.0054931640625
qp0942,-5.44647216796875,90.8074951171875,0.00274658203125,0.0054931640625
qp098b,-5.35858154296875,90.7415771484375,0.00274658203125,0.0054931640625
qp08fn,-5.45745849609375,90.7965087890625,0.00274658203125,0.0054931640625
qp0943,-5.44097900390625,90.8074951171875,0.00274658203125,0.0054931640625
qp09vd,-5.30364990234375,90.9503173828125,0.00274658203125,0.0054931640625
qp0d4d,-5.25970458984375,90.8184814453125,0.00274658203125,0.0054931640625
qp08cv,-5.46295166015625,90.7855224609375,0.00274658203125,0.0054931640625
qp0dje,-5.25421142578125,90.9503173828125,0.00274658203125,0.0054931640625
qp08fh,-5.46844482421875,90.7965087890625,0.00274658203125,0.0054931640625
qp0d17,-5.25421142578125,90.7635498046875,0.00274658203125,0.0054931640625
qp09h1,-5.44097900390625,90.8843994140625,0.00274658203125,0.0054931640625
qp0d42,-5.27069091796875,90.8074951171875,0.00274658203125,0.0054931640625
qp09ve,-5.29815673828125,90.9503173828125,0.00274658203125,0.0054931640625
qp0d0g,-5.25421142578125,90.7415771484375,0.00274658203125,0.0054931640625
qp08gu,-5.46844482421875,90.8734130859375,0.00274658203125,0.0054931640625
qp08fj,-5.46295166015625,90.7965087890625,0.00274658203125,0.0054931640625
qp03z3,-5.30914306640625,90.6756591796875,0.00274658203125,0.0054931640625
qp0d5t,-5.24322509765625,90.8624267578125,0.00274658203125,0.0054931640625
qp08g6,-5.47943115234375,90.8514404296875,0.00274658203125,0.0054931640625
qp09w4,-5.34759521484375,90.9722900390625,0.00274658203125,0.0054931640625
qp08g7,-5.47393798828125,90.8514404296875,0.00274658203125,0.0054931640625
qp097r,-5.36407470703125,90.8514404296875,0.00274658203125,0.0054931640625
qp09mz,-5.36407470703125,90.9613037109375,0.00274658203125,0.0054931640625
qp090z,-5.40802001953125,90.7415771484375,0.00274658203125,0.0054931640625
qp0dhj,-5.24322509765625,90.8843994140625,0.00274658203125,0.0054931640625
qp0956,-5.43548583984375,90.8514404296875,0.00274658203125,0.0054931640625
qp09s4,-5.34759521484375,90.8843994140625,0.00274658203125,0.0054931640625
qp09ev,-5.33111572265625,90.8734130859375,0.00274658203125,0.0054931640625
qp0dhu,-5.24871826171875,90.9173583984375,0.00274658203125,0.0054931640625
qp02yf,-5.47943115234375,90.6536865234375,0.00274658203125,0.0054931640625
qp09vw,-5.28167724609375,90.9503173828125,0.00274658203125,0.0054931640625
qp0938,-5.40252685546875,90.7745361328125,0.00274658203125,0.0054931640625
qp0d0b,-5.27069091796875,90.7415771484375,0.00274658203125,0.0054931640625
qp0931,-5.39703369140625,90.7525634765625,0.00274658203125,0.0054931640625
qp0dn4,-5.25970458984375,90.9722900390625,0.00274658203125,0.0054931640625
qp093h,-5.38055419921875,90.7525634765625,0.00274658203125,0.0054931640625
qp09vu,-5.29266357421875,90.9613037109375,0.00274658203125,0.0054931640625
qp0d5d,-5.25970458984375,90.8624267578125,0.00274658203125,0.0054931640625
qp09cz,-5.27618408203125,90.7855224609375,0.00274658203125,0.0054931640625
qp0d0s,-5.24871826171875,90.7305908203125,0.00274658203125,0.0054931640625
qp0d5q,-5.23773193359375,90.8514404296875,0.00274658203125,0.0054931640625
qp0dhm,-5.24322509765625,90.8953857421875,0.00274658203125,0.0054931640625
qp09m7,-5.38604736328125,90.9393310546875,0.00274658203125,0.0054931640625
qp03y5,-5.29815673828125,90.6207275390625,0.00274658203125,0.0054931640625
qp092z,-5.36407470703125,90.7415771484375,0.00274658203125,0.0054931640625
qp09du,-5.33660888671875,90.8294677734375,0.00274658203125,0.0054931640625
qp097m,-5.37506103515625,90.8514404296875,0.00274658203125,0.0054931640625
qp09y4,-5.30364990234375,90.9722900390625,0.00274658203125,0.0054931640625
qp03zy,-5.28167724609375,90.6976318359375,0.00274658203125,0.0054931640625
qp03yn,-5.28167724609375,90.6207275390625,0.00274658203125,0.0054931640625
qp09vs,-5.29266357421875,90.9503173828125,0.00274658203125,0.0054931640625
qp098v,-5.33111572265625,90.7415771484375,0.00274658203125,0.0054931640625
qp0d5c,-5.26519775390625,90.8734130859375,0.00274658203125,0.0054931640625
qp0d55,-5.25421142578125,90.8404541015625,0.00274658203125,0.0054931640625
